user_id,score,review,date
jn**2000,10,"아이가 보고싶어해서 봤어요
토이스토리 첨 보는데 많은 교훈을 주는 내용이네요
폰시간을 줄이자고하니 그렇게 영화를 이해하면 안된다네요 ㅋㅋ",34 분전
to**oim1225,4,애들이 좋아할 듯한 스토리… 유치함 ㅜㅜ,1 시간전
yo**50512,9,"""시대는 변해도, 친구들은 영원하다""",1 시간전
ka**guil91,8,새로운 디지털 장난감과 끝나지 않은 아날로그 장난감들의 이야기...,3 시간전
kj**ock,8,토이 스토리 재미있게 잘 봤어요,3 시간전
pe**h7love,10,재미있어요 굿굿 ㅠㅠ,3 시간전
ju**anchoi1,10,재미있게 봤어요 또 보고  싶어 요,4 시간전
vi**ojh75,9,토이스토리는 언제나 기대를 저버리지않아요♡,4 시간전
jj**ap,8,여전히 생명력이 있는 시리즈라는게 느껴진다,4 시간전
ye**iroxo7,10,관계는 바뀌어도 추억은 바뀌지 않는다. 소중한 추억...,4 시간전
ba**7710,9,토이스토리  아이가 좋아하는 애니에요,4 시간전
mi**5844,10,사실 시리즈가 많아 기대는 안했는데 고1.중2아들과 같이봤는데 재미있었어요~,4 시간전
ca**42306,10,"오랜만에 보는 토이스토리, 재밌었어요",4 시간전
ca**smin11,8,"디즈니 스러운 교훈과 스토리네요
시리즈를 전부본게아니라서 왜 인생영화인지까진 공감하지못했지만 작중 감정변화나 표현은 좋았습니다
버즈 장난감을 가지고 관람한 아이덕에 별하나 추가요",6 시간전
wh**edress28,10,굿굿입니다용 ㅎㅎㅎㅎ,7 시간전
ss**lue89,10,끝없는 아이들과 장난감의 유대,10 시간전
ju**o920315,10,토이스토리 시리즈중 최고,10 시간전
tk**js95,10,감동적이고 노래ost도 좋아요,11 시간전
da**onc3,6,아무 생각 없이 힐링하기 좋은 킬링 타임용 영화. 동심 충전 완료.,11 시간전
ch**jy4010,10,영상이 예뻐서 어른도 힐링각,12 시간전
ji**0124,10,요즘 아이들이 꼭 봐야할 영화,12 시간전
ls**0528,10,집에 안쓰는 장난감에게 다시 애정을,13 시간전
sh**oc3115,10,그시절의 추억과 감동이 물밀려오듯이 한꺼번에 들이차서 눈물을 훔칠수 밖에 없었습니다 감동적이예요,14 시간전
yo**un11,10,기다린 보람이 있음. 너무너무 재밌어요.,20 시간전
se**yeon6776,10,너무 재밌어요! 이래서 토이스토리가 많은 사랑을 받는 구나 깨달았습니다 🫶,21 시간전
mi**iing1,10,재미 있었어요 특히 제시.목소리 성우님 제가 좋아하는 목소리라 더 흥미롭게 들었네요. 아이들이랑 같이 봤는데 재미 있었대요~ 그런데 왠지 토이스토리는 어른을 위한 영화 같다는 생각,21 시간전
li**idlake513,10,기다린 보람이 있음. 너무너무 재밌어요.,21 시간전
gl**sesday,8,무난무난 나쁘지 않았다,23 시간전
sn**ba1964,10,스토리 자체는 재미있음. 어른보다 아이들이 더 좋아할 영화,23 시간전
cl**sia4853,10,너무 좋았어요 🫶,23 시간전
mm**1019992,10,아이들과재밌게봤어요!,1 일전
bs**ub26,10,정말 재미있어요 ㅋ,1 일전
po**000ssh,10,스토리가 재밌고 속 시원,1 일전
to**991217,10,초연결 속 단절을 야기하는 스마트 기기에 대한 고찰,1 일전
we**iger,9,기본컨셉을 해치지않고 시대변화상을 매우 잘 녹여내어 연출한 상상력이 대단하다!,1 일전
sw**0911,10,아이들과 너무 즐겁게 관람했어요~,1 일전
fr**5395,8,"스마트기기에 중독된 시대에 위트 있는 이야기로 재미있게
감상했습니다. 9살 아이도 재미있게 봤다네요.",1 일전
re**23700,10,"전자기기의 무서움을 시각적으로 보게되니 너무 무서웠고, 아이들의 미래가 걱정되었어요. 어릴적 논던게 떠올라 추억여행도 되고 오히려 어른들이 봐야하지 싶네요",1 일전
mi**jina83,10,역시 토이스토리… 👍🏻👍🏻,1 일전
po**ong,10,잘봤습니다  재밌어지더라고요,1 일전
cl**ber1,10,AI 시대에 맞는 주제로 재밌게 봤습니다,1 일전
ge**1004,10,어른인 제가 감동 받은 부분이 많아 코끝찡했네요. 아이들에게도 마음속 깊이 타임캡슐로 남아 언젠가 문득 끄집어 내게 되는 영화로 기억되지 않을까 생각합니다,1 일전
cs**004c,10,"재밌었어요! 나이대별로 좋아하는게 달라지면서, 어릴때 갖구놀던 장난감의 소중함을 다시 느끼게 되었던..요즘 아이들의 모습도 보였습니다.",1 일전
ri**r663,9,"초등, 유치원 딸들과 봤은데 감동이래요",1 일전
ta**0102,10,아이들과 같이 보기 좋아요~,1 일전
ss**14,10,추억의토이스토리해피엔드,1 일전
pk**464,10,영화 재밌게 관람했어요,1 일전
pj**jh85,10,역시 재밌어요~~~ 6시리즈도 나왔음 좋겠어요!!,1 일전
He**y0823,7,다 좋았는데 뭔가 임팩트가 없음 약간 전편들 보다는 쫌....,1 일전
yd**072s,10,숨실틈없이 재미있게 잘 봤어요,1 일전
ch**eno98,10,어린시절 내 놀이친구들 소환!!,1 일전
fu**yfuse418,10,토이들과 함께 나이를 먹는게 행복했어요,1 일전
ha**n0711,9,어른이 된 우리들에게 기억을 되찾아주는 영화,1 일전
hm**7061,7,나이가 들면서 편견을 버리기가 점점 어려워진다.,1 일전
wh**ebleen01,10,아이들과 재미있게 봤습니다.,1 일전
lh**10308,10,아이들이 보고 싶다고 해서  아이 친구들까지 데리고 가서  봤는데 너무 재미있어하네요^^  요즘 진짜 전자기기 넘 많이 하는데  아주 공감했네요,1 일전
om**110,10,신박한 내용 좋았습니다.,1 일전
po**omkking1,10,감동적이고 잔잔한 스토리,1 일전
we**00pri,10,푸석푸석한 삶에 활력소같은 영화였습니다. 다시한번 되돌아보게되고 앞으로 나아갈 에너지를 주는 영화네요!,1 일전
fi**to7428,10,시대상까지 반영한 메시지를 전하는..왜 관람평이 별로인 글들이 많은지 이해가 안간다. 재미 있기만 하구만...,1 일전
os**ai,10,역시 토이스토리! 평 안좋은 게 종종 있는게 이해가 안 갈 정도로 좋았다!,1 일전
kk**ma02,9,"30년간 기다려왔던 버즈의 특이점!
새로운 친구, 새로운 연출방식 모두가 맘에드는 한편이였다.우려먹는건 없다.캐릭터들은 이전의 그들이지만 이야기는 이전의 그것이 아니다!",1 일전
ki**r9205,10,"동심으로 다시 돌아가는 시간이었습니다!
추천합니다!!",1 일전
cm**426,10,재미있어요 가족과함께보기좋어요,1 일전
ke**82,8,아기자기하면서 시끌벅적 토이들,1 일전
se**8ha18,8,"볼만은 해요, 주제는 좋은거 같아요",2 일전
sj**ovesh,10,영화 내내 푹 빠져서 봤습니다. 모아나랑 토이스토리 중 고민했는데 보길 잘함!,2 일전
ma**ini99,10,아이랑 보는 영화 보통 재미없거나 그냥그런데요. 토이스토리는 전 시리즈 안봤었는데도 꽤 재밌었어요. 극장에 대부분은 어른들끼리 보러 온 사람들이었고 다들 즐기는 거 같았습니다.,2 일전
se**ouse99,7,저는 좀 졸렸어요..,2 일전
ii**8432,8,큰 기대없이 봤는데 정말 재미있게 관람했습니다. 추천합니다.,2 일전
ap**u7296,10,재밌었어요 오랜만에 봐서,2 일전
eh**tdj90,10,내용 뻔하지만 보게되는 영화.. 빠져드는 영화..!,2 일전
we**park9102,6,재미있었습니다!!!,2 일전
kk**dkkend81,10,초중등생 관람 필수,2 일전
mu**hanha7,8,아이들이 보기에 좋을 것 같아요 어른들도 볼만은해요,2 일전
ho**ng11,10,스토리가 재밌고 요즘 어이들에게 보여주고싶은 영화입니다 감동있습니다,2 일전
le**ortsaca,2,토이스토리는 끝났어야 했다.,2 일전
le**jdwo927,10,토이스토리 처음봤는데 재밌었음,2 일전
sa**ralo77,10,가족이 볼 수 있는 감동적인 이야기!,2 일전
bh**lv07,10,너무 재밌고 즐겁게 봤어요!!,2 일전
ah**oyoun12,8,전자기기 없던 어린 시절이 참 소중했다,2 일전
ks**4389,10,너무너무 재밌어요 뭔가 슬프네요,2 일전
ek**o1211,10,아이와 재밌게 봤어요,2 일전
jw**m0602,10,"스토리, 연출이 좋네요",2 일전
yo**2770,5,그냥 그럭저럭....,2 일전
se**lvahh22,7,123편에 비해서는 감동도 덜하고 무난한 감이 있었지만 지루하지 않고 재밌었다,2 일전
du**zi78,10,스토리도 좋고 뒤로갈수록 더 재밌습니다,2 일전
hy**eong75,8,전 작품보다는 아쉽지만 내용은 괜찮았다,2 일전
ji**n314,8,토이스토리는 이제 마무리 짓자~!,2 일전
mi**unyee07,10,굿    굿    굿,2 일전
ki**ami7,8,ㅎㅎㅎ다윗하고 비교했을때는 스토리가 다윗이 더 재미있다고 아들들이 평하고 저도 그러네요.,2 일전
su**hine356,3,예상과 다른 전개. 예전 토이스토리 덕후로서 내용과 인물들의 서사가 달라진게 많이 아쉬움이 남는다.,2 일전
SJ**632159,8,장난감들의 세대교체와 각자의 역할을 잘 보여주는 영화,3 일전
de**unny,10,역시 토이스토리는 감동이에요,3 일전
ju**s333,10,재밌습니다! 꼭 보세요,3 일전
hj**in904,10,감동적이고 나름 뜻이 있는 영화였대요 ㅋㅋ,3 일전
ra**rhwang,10,기대한만큼 너무 재미 있었어요,3 일전
Cg**98879,9,공감할수있는 스토리~,3 일전
be**ly96,10,토이스토리 좋아하는데 4보다 재밌었어요,3 일전
ks**5,7,어른들에겐 별루 아이들에게는 좀 의미를 줄듯,3 일전
ma**jkim60,10,동심으로 돌아가 즐거웠어요.,3 일전
hi**orykang,7,토이스토리를 재미있게 보기에는 나이가 이제는 너무 많은거 같다,3 일전
se**in00,8,"오랜 친구 만나 그냥 소소한 이야기 하듯 웃고 떠드는 ..
그런 시간이 좋았다.",3 일전
k3**good,10,토이스토리 여기 명작이다,3 일전
dl**aud05,10,제시~ 인형 친구에서 인간 친구로!,3 일전
sj**bh0209,10,재밌어요 아이랑 잘봤네요,3 일전
co**shine1,10,쪼금 울었어요. 시간이 아깝지 않은 영화에요,3 일전
ah**w7375,10,재미있게 잘 봤어요,3 일전
sj**58566,7,제시 사랑해 우디 사랑해 모두 사랑해,3 일전
qu**ny70,8,버즈와 제시 행복해라 짠한 우디,3 일전
jw**5050,10,기분 좋아지는 영화,3 일전
bb**on87,8,"""토이 스토리 5""
영화 어떠셨나요?",3 일전
ju**na,8,재미있게 잘 봤습니다,3 일전
ga**0531,10,동심으로 돌아간 느낌..! 넘넘 재밋엇어요,3 일전
Ha**ymovie7,8,재미있게 봤어요 ~,3 일전
gt**ko00,10,현실문제를 환상과 동심과 함께 잘 만들어낸 예술작품!,3 일전
fr**sh098,7,적당히 보기좋은 그래픽 + 나쁘지 않은 구성과 내용,3 일전
hj**o0124,10,"너무 재밌고, 뭔가 요즘 세대를 보여주는 거 같아서 재밌었다. 감동적인 요소도 있었다",3 일전
ge**ard313,10,장난감으로 표현한 시대의 변화,3 일전
dr**on23,10,추억+그리움+감동 그리고 재미,4 일전
Ci**ma721,6,너무 유치해서 아쉬웠다.,4 일전
lo**eee5,10,재밌었고 초2가 자막으로 봐도 좋은 영화,4 일전
my**1617,10,추억의 새로운 지평을 열었다,4 일전
ed**1109,10,어릴때 생각나고 재밌다,4 일전
si**nkim618,2,보니가너무답답해서내가막화가낫음,4 일전
na**2357,10,너무너무 쟈미있었어요^^ 6편 기대합니다!,4 일전
Cl**ndy1234,10,잊고있던 현재 상황에 감동을 주었어요,4 일전
kd**4531,9,언제까지나 내 최고의 파트너,4 일전
ek**scdia44,10,굿 재밌어요!!!!,4 일전
sj**13sj,10,처음부터 시리즈 다 봤지만 유쾌한. 마음 찡한 영화,4 일전
ca**ylove323,10,아이들이 엄청 재밌었다고 하네요.,4 일전
Su**ol6976,10,재밌었어요 감동있는 내용,4 일전
bj**ny2436,10,재미있고 교훈있는 스토리였습니다!,4 일전
ki**en9329,10,눈물 찔끔찔끔 나요,4 일전
so**atang221,10,너무 재밌고 감동적이었어요,4 일전
ba**mi08,10,너무재밌고꙼̈ 제시 너무 멋져여,4 일전
ki**ten2,8,"초반~중반 지루했는데 뒤로갈수록 재밌음
역시 토이스토리는 예상치못한 상황으로 감동을 줌",4 일전
ma**4819,10,아이와 부모가 함께 즐겁게 관람할 수 있어 너무 좋았습니다. 전작을 모르고 봐도 영화가 전달하려고 하는 메시지를 읽을 수 있게 만들어진 것 같아서 다행이었습니다.,4 일전
na**nidayo,10,아이들을 위한 스토리 감동이에요,4 일전
je**kcc8,10,아이들의 전자기기에 사용실태에 대해 다시 한번 생각해보게 되는 계기가 되었음,4 일전
pj**ye0512,10,매우몹시 재밌어요 추천입니다,4 일전
ls**52977,10,재미있게 잘 봤어요.,4 일전
go**02803,8,우디의 비중이 적어서 아쉬웠지만 역시 토이스토리는 토이스토리다.,4 일전
ik**os96,10,역시 재밌어요. 추천!!!,4 일전
ke**ybean5,8,매번 먹던 맛 구우웃,4 일전
mc**oy1,7,토이스토리 시리즈 좋아,4 일전
ca**92,6,이제는 토이스토리가 졸릴 나이가 된건가?,4 일전
rl**oska919,8,전편에 비해 뭔가 약한 느낌,4 일전
nu**5904,10,우리들 세월 속 스쳐간 많은 장난감들의 소원이 이런걸까?,4 일전
ra**1215,10,재미있게 잘 봤어요,4 일전
sa**er0901,10,가족끼리 가서 보면 좋은 영화,4 일전
ro**boss,10,도대체 언제까지 명작을 뽑아 낼래?,4 일전
ka**mos0,8,"딱 적당한 아이들, 어린 아이들 영화",4 일전
to**ya01,8,그냥 즐겁게 보면 됌^^,4 일전
ox**dkkzk78,7,"지금의 아이들은 장난감보다 전자기기를 선호하지만, 여전히 장난감은 우리의 친구이자 그 시절을 떠올리게 하는 추억이라는 것을 상기시켜 준다.",5 일전
yo**woong321,8,새롭게 등장한 전자기기와 기존의 입지를 잃어가는 장난감과의 이야기를 제시의 서사와 감정선을 통해 흡인력있게 표현한 수작.,5 일전
ks**48944,10,역시 애기들은 미디어노출을 덜 시키고 뛰어놀게 해야겠다,5 일전
im**y725,10,잘봤습니다 잘봤습니다,5 일전
an**0812,10,시간가는줄 모르고 봤어요. 우리 아이들이 전자기기를 지혜롭게 사용할 수 있도록 어른들이 더 노력해야할 것 같아요.,5 일전
su**0504,10,아이랑 재밌게 봤어요,5 일전
ha**a227,10,현시대에 걸맞은 명작,5 일전
ja**yeong74,7,놀이가 이렇게 재미 있는 거야?,5 일전
ui**6956,10,집가서 인형들 안아줌🥲,5 일전
ka**kok,9,스토리도 좋고. 재밌어요.,5 일전
pp**,6,어릴적 추억으로 인한 거부할 수 없는 이끌림,5 일전
ye**i2001,10,제시의 성장이 참 좋드라,5 일전
eh**nl815,10,찐액션 끝판왕 영화,5 일전
ta**uyeon97,10,저그가 우리아빠라고? * 100,5 일전
ch**hiwoo,10,재미있게 잘 봤습니다,5 일전
ct**jang,6,캐릭터들이 너무 올드해짐,5 일전
ss**bn8243,10,재밋게 잘봤어요 ~,5 일전
tt**yong,10,"진짜 너무재밌습니다
감동도있고 영상도 훌륭합니다",5 일전
Eu**ne09,10,하 제시 진짜 너무 좋다…,5 일전
zo**ffl,10,날무한대로 사랑해주는 장난감들 보면서 울기도하고 웃기도하고 감동가득합니다 픽사의 상상력은 항상 감탄합니다 강추,5 일전
mo**981115,10,시대에 맞춰져 진화한 장난감들의 이야기가 재밌어요,5 일전
ci**ma23,8,조금 아쉬운부분도 있지만~ 그런대로 잘 뽑은 느낌~♡,5 일전
dy**hsus14,10,아이들과 잼있게 관람했습니다,5 일전
mi**3000,10,잘봤습니다 감사합니다,5 일전
ji**e10104,7,무난하게 재밌었습니다~ 따로 할 말은 없네용,5 일전
so**ummer626,10,동심으로 돌아갈 수 있었어요,5 일전
gl**mering,10,아이들과 같이 보기 좋아요~~,6 일전
yo**geun226,10,4보다 재밌음 군더더기 없고 제시가 주인공인 게 탁월한 선택,6 일전
ya**ee76,10,"너무 감동적이고 재밌었어요.
특히 버즈군단 너무 재밌고 인상적이었어요.",6 일전
ji**1141,10,현시점의 문제점을 다루면서 흥미있는 스토리 전개에 재미있게 관람했습니다,6 일전
uu**1010,5,크게 재밌다고 느낄 만큼의 임팩트가 없었다,6 일전
jh**416M,7,너무너무 재밌는 영화,6 일전
al**ud0510,10,"장난감들에 대한 깊은 향수
동심을 향한 그리움",6 일전
se**o3636,8,어른들의 감성에 꼭 필요한 영화,6 일전
tk**d523,10,아휴 5편이나 봤는데 볼때마다 울어요!!,6 일전
ki**y123,10,"도파민이 터지진 않지만, 잔잔하게 밀어닥치는 감동이 있는 영화",6 일전
dl**dwn1031,7,우리가 알던 토이스토리 맛,6 일전
hy**in0916,7,이분법적으로 나뉘는게 아니라 화합인게 참 좋았음...따뜻하다,6 일전
mi**u7391,10,1분도 지루하지 않은 영화,6 일전
dp**a1991,9,어릴때 기억으로 재밌게봤어요,6 일전
ks**075,10,추억이 있는 영화라 재미있게 봤습니다,6 일전
st**0728,10,영원한 나의 친구 !,6 일전
du**n1026,10,토이스토리는 사랑입니다 재밌게 잘봤어요,6 일전
tn**sd0205,10,버즈로봇을 사서 조카랑 놀고싶은 기분,6 일전
aa**enq,10,지난 감성을 자극하는,6 일전
ka**3532,10,넘넘 감동적이었어요 아이도 어른도 100%감동,6 일전
da**1223,10,좋은 색감 좋은 스토리가 인상적이었습니다,6 일전
jj**g4318,10,"추억이 새록새록 피어나는 영화
아이 어른 누구나 기분좋게 관람할 수 있는 영화여서 너무 즐겁게 잘 보고 왔어요",6 일전
yo**h23,10,역시 토이스토리 최고였습니다!,6 일전
bl**eyed0,10,※^.^※ 괜찮았어요.,6 일전
lo**woo0403,10,스토리가 탄탄하고 중간중간 웃긴 요소들이 가득했다,6 일전
So**on08,4,음 어린애들이 보기에는 좋다? 중고딩이 보기에는 노쟘이네요 근데 즁간중간 말하는 유머가 재밋긴햇어요 감동포인트들도 잇엇구,2026.07.20
ti**er95,10,아직 이야깃거리를 남겨뒀었네요,2026.07.20
mj**m7266,10,장난감으로 놀던 동심으로 돌아간느낌,2026.07.20
Lo**0909,10,기대이상...유익한영화입니다.,2026.07.20
eh**ml04,10,어떻게 다섯편 내내 재밌을 수가!!,2026.07.20
sa**al2001,10,재있어요ㅎㅎㅎㅎㅋㅋ,2026.07.20
se**young00,10,보니는 어른이 되어 가는거야. 그 여정에 우리가 도움이 됐다면 우린 할 일을 한 거야,2026.07.20
mo**chang092,10,정말 재밌고 감동적입니다,2026.07.20
ji**ic2001,10,"재밌어요 ㅎㅎ

또 보고싶은데 너무 늦게봐서  아쉬움😔
상영관이 별로없는",2026.07.20
ho**s325,10,아이들이 너무 즐거워 했어요,2026.07.20
15**frog,10,15년만에 영화 보다가 울었어요,2026.07.20
do**ho100613,5,그저그렇다 하지만 토이스토리 4가 더 재밌음;,2026.07.20
na**rock,10,미국놈들이 영화는 참 잘만들어 ㅋ,2026.07.20
ju**eun9644,10,잘봤어요 넘넘 재미있었어요,2026.07.20
rl**ghvm89,10,재미있었고 또 가서 보고싶어요,2026.07.20
yw**0228,10,여전히 너무 재밋ㅅ다요,2026.07.20
ye**n7275,10,스마티 죽도록 사랑해,2026.07.20
sk**nyone1,9,"요즘 아이들의 문제점을 재미있게 잘 표현해 주었습니다. 
캐릭터들의 재치있는 연출이 좋았습니다.",2026.07.20
ma**j2009,10,결국 장난감은 주인을 행복하게 해주기 위해 존재한다,2026.07.20
gi**ns123,10,기대를 저버리지 않는 시리즈네요 ㅎㅎ,2026.07.20
ja**yul12,10,ㅂㄷㄱㄷ극ㄷㄱㄴㄱㄷㄱㅈㄱㄷ,2026.07.20
ys**rk0905,10,5편도 정말 재미있게 봤네요 😂 🤭🥰😘,2026.07.20
so**ungchoi5,10,아이와 봤는데 재밌게 봤습니다.,2026.07.20
ne**my,10,믿고보는 토이스토리,2026.07.20
dd**d102,5,전 편 안 보고 와도 크게 이해 안 되는 부분은 없음,2026.07.20
yo**gragg7,5,나쁘지도 엄청 잼있지도 않은 그냥 평타영화.,2026.07.20
ha**821127,10,아이들이 재미있게 봤어요.,2026.07.20
sh**1317,8,동심의 세계로 돌아간듯한 느낌이었다,2026.07.20
lj**001x,10,토이스토리 매니아층은 좋아하실듯,2026.07.20
na**ew09,9,"따뜻한 가족영화
오랜만에 동심으로 돌아가는 느낌이었음",2026.07.20
Me**s123,8,1~3편만큼은 아니어도 여전히 재밌어요.,2026.07.20
ci**90409,7,다 보는데 조오금 지루하지만 생각없이 보면 재밌음,2026.07.20
eh**ka11,10,영화 재미있습니다.,2026.07.20
kw**1789,8,딸하고 같이 봤지만 스도리가 너무 재미있음^^,2026.07.20
yy**82898,8,이제는 어른들의 애니메이션,2026.07.19
ea**7255490,10,귀엽고 웃겨서 나이 불문하고 재밌어요,2026.07.19
bo**8081,8,4편까지는 넘 좋았는데 ...이제 그만 나와도 될것같기도하고...,2026.07.19
sw**ook,8,추억으로 봣어요 ㅎㅎㅎ,2026.07.19
sl**nsally06,8,ㅠㅠ어른이되어도 변함없이 좋다,2026.07.19
su**an55,10,흥미롭게 관람하여 대체로 만족합니다.,2026.07.19
ra**91,5,그냥 그랬다 딸은 좀 감동인데 별로 감흥이 없다,2026.07.19
so**uije,6,아는 맛 익숙한 맛 보장된 맛,2026.07.19
tc**to88,8,배불뚝이 아저씨가 된 우디와 함께 어른이 된 우리들,2026.07.19
ye**02,10,갑자기 장난감이 소중해지는 영화예요.,2026.07.19
uv**on01,10,"재미있었습니다.
스마트 시대 장난감에도 격차가 존재하는 걸
잘 풀어내며 표현했어요!
생각하게 되는 주제네요",2026.07.19
ba**na0225,10,"너무  재밌었어요
아이들 패드 때문에 문제가 많은데 생각할거리가 많은 영화였어요",2026.07.19
jj**ap98,8,흥미롭게 잘 보았습니다 ^^,2026.07.19
kt**d8318,10,간만에 동심의 세계로 돌아가서 행복했어요.,2026.07.19
lj**ap98,9,재밌게 잘 보았습니다!,2026.07.19
eg**0222,10,태어났을 때부터 봤던 토이스토리를 보다가 울었네요. 정말 좋은 영화입니다. 강추,2026.07.19
ly**393119,10,생각보다 잼있네요.,2026.07.19
zi**g84,10,너무너무 재밌었어오,2026.07.19
se**abro,8,레트로 감상을 느끼게 해주네요 근데 주인공이 바껴서 그런지 저는 4편이 더 재밌었어요,2026.07.19
dh**k9465,10,토이스토리 재밌습니다,2026.07.19
as**00817,10,우리의 과거. 꿈. 동심.,2026.07.19
he**in2004,10,아이들과 봤는데 제가 더 재밌게 본 것 같아요~ 스토리도 의미가 있어서 좋았습니다.,2026.07.19
so**n720121,7,기대했던거 보다는 나쁘지 않았어요,2026.07.19
qa**5191126,10,아이들과 함께보기 좋았어료,2026.07.19
81**366z,10,스토리 재밌고 마지막엔 감동~~~ 토이스토리는 언제 봐도 굿굿!!,2026.07.19
kt**7755,10,재밌었어요잘봤습니당 ㅋㅋㅋ ㅎㅎ,2026.07.19
kk**27755,10,재밌게봤어요 ㅋㅋㅋ ㅎㅎ,2026.07.19
su**osuk,10,너무너무 재밌게 봤어요,2026.07.19
ls**3334,10,항상 보는영화 재밌어용,2026.07.19
jy**n0713,7,토이스토리라는 컨셉 자체가 지겹긴 했는데 스토리가 그나마 신선했다,2026.07.19
yn**8790,10,감동과 재미를 동시에 주는 영화,2026.07.19
sf**t123,10,"오랫만에
동심을 느꼈습니다",2026.07.19
je**yoon1019,7,전작에 비해서는 그냥 그럭인데 내용이 좋았음,2026.07.19
hy**0012,10,재밌음. 아이들이 좋아함,2026.07.19
lu**s1976,10,인생 추억의 토이스토리 너무 좋네요,2026.07.19
vi**i1306,10,"메간박스 화이팅 죽지마!!
When she was love me   everything was beautiful ~",2026.07.19
ho**d24,8,"아이들에게 교훈도 주고, 상상력을 키워주는",2026.07.19
so**3131,10,더빙이 자연스럽고 재밌게 잘봤습니다 4보다 더 재밌었습니다,2026.07.19
ji**thom0,10,날 다시 돌아보게 만드는 마법같은 이야기...,2026.07.19
im**nomono2,10,"아무 기대 없이 봤는데, 제미 있어요",2026.07.19
ch**inkong,10,배나오고 머리 벗겨진 우디가 낯설긴하지만 그래도 나와 함께 나이든거 같아서 정겹네요^^,2026.07.19
bh**74949,10,스토리상 매칭이 잘되고 재미있었어요.,2026.07.19
ho**bo75,10,스토리가 넘 재미났어요~,2026.07.19
cr**uette0323,6,토이스토리 토이스토리,2026.07.19
pc**irst,10,믿고보는 디즈니 토이 스토리,2026.07.19
co**ri96,10,너무 재밌었어요 가족영화입니다,2026.07.19
bh**7676,9,"생각보다 재미 있어요~
토이스토리 1부터 쭉 봐왔던 사람입니다. 
재미있어요. 볼만합니다.",2026.07.19
da**elkim55,10,역시 토이스토리네요,2026.07.19
99**9999,10,토이스토리 재미있습니다,2026.07.19
la**eum,10,말모 감동이었어요. 넘 재밌어여,2026.07.19
fe**i31,9,"아이들이 전자기기(아이패드 등)에 중독되니 장난감을 가지고 놀지 않게 되고, 친구들과 만나도 전자기기만 보는 상황을 잘 표현함. 도서 나이키의 상대는 닌텐도다가 떠올랐습니다.",2026.07.19
pi**agi00,10,여전히 감동적이고 재밌었어요,2026.07.19
cl**ncpfl3,10,아이들이 재미있게 봤어요~^^,2026.07.19
sk**ansu,10,와우 버즈 신형 모델 어디서 살수 있나요?,2026.07.19
tj**gml01,10,아이랑 재미있게 관람하였습니다,2026.07.19
jb**1300,10,간만에 유쾌한 동심의 시간이됐네요,2026.07.19
ca**otbean,10,현실 반영을 너무 잘해서 역시… 토이스토리 했다! 아이들은 느끼지 못하고 노잼이였다고 한게 흠…🥲,2026.07.19
kj**84868,7,동심으로 돌아갔지만 전편들보다 아쉬워요,2026.07.19
se**rityhoon,10,역시 토이 스토리 👍  내 인생 영화 딸과 함께 할 수 있어 너무 감사 했어요~ 감동 받고 울었네요,2026.07.19
me**haha7,10,어린시절과 지금 당장 내 방 인형들 장난감들을 한번 더 살펴보게됐다 어른이 된 지금도 미디어만 바라보며 남들의 관심을 사고 받길 원하는 삶은 아닌가 뒤돌아보게 한다,2026.07.19
Kr**ten05,10,재미있었습니다!!!,2026.07.19
ye**am57,10,어른이 봐도 재미있는 영화,2026.07.19
ja**eon26,10,"4편에 실망해서 별 기대안하고 봤는데 가슴 찡 포인트있구,, 좋아요.. 추천추천d(^_^o)",2026.07.19
ge**l1211,10,"5까지 나오면서 모든 편이 다 재밌긴 힘든데 역시ㅠㅠ  개인적으론 1,5 가 제일 재미있었다. 어른이 봐도 아이들이
봐도 정말 재밌고 좋은 영화.",2026.07.19
ac**hin09,8,무난하게보았슴……….,2026.07.19
as**b218as,8,전편 안보고 봐도 문제없었고 동심으로 돌아갈 수 있어 굿굿,2026.07.19
al**rt1219,10,5를 이어나갈수 있을까?,2026.07.19
da**n0938,10,너무 재밌고 감동적이다!!,2026.07.19
pu**lechat71,10,여전히 함께였던 친구! 눈물 흘렸다ㅠㅠ,2026.07.19
hy**303,10,제시가 최애로서는 내 인생영화,2026.07.19
ko**an000,10,역시 토이스토리 입니다,2026.07.19
yk**0052,7,토이스토리가 주는 감동,2026.07.18
ro**play1,8,토이스토리 시리즈가 보장하는 재미,2026.07.18
jn**0319,10,굿굿 아이도 어른도 재밌게 잘 봤어요,2026.07.18
jn**s0117,7,재밌어요 클래식한 맛이 좀 사라져서 슬퍼요,2026.07.18
ju**n0908,10,"제시, 보니, 나 이렇게 셋은 최고의 친구임ㅠㅠ",2026.07.18
ha**1223,10,초6 아이가 너무 재미께 보았다네요 저는 아빠라 쏘쏘,2026.07.18
ap**estrip10,10,전자기기와 장난감의 콜라보! 시의성과 재미 그리고 교훈이 담긴 영화,2026.07.18
qo**scjf100,10,애들이 너무 즐겁게봐요,2026.07.18
es**er130308,10,너무 재밌었고 신규 쿠폰 덕분에 5천 원으로 너무 재밌게 봤음,2026.07.18
vh**fl84,10,토이스토리는 나올때마다 꼭 보러가요,2026.07.18
gk**kdus1124,8,버즈군단이 왜 나온건지는 모르겠지만 그래도 토이스토리 친구들 봐서 좋았음,2026.07.18
Ly**Obigo,10,아주 좋아 베리 둣,2026.07.18
es**pism23,10,주인이 바뀌고 세대가 바뀌어도 여전히 사랑스러운 토이들,2026.07.18
ro**fl0421,10,넘 잼있었어요 추억이 아롱다롱 새록새록 엄지척,2026.07.18
yo**ylove87,10,아이가 너무 좋아했어요,2026.07.18
ia**ros81,10,Star-! Commander-!,2026.07.18
al**thanks00,10,우리이야기같아서 감동이었다,2026.07.18
zi**0079,2,대구세븐벨리점 18:10영화 로비는 더워도 이해했는데 상영은 이럴꺼면 왜하나요 쾌적한곳에서 시원하게 영화보려가족온건데 찜통 영화보다 뛰쳐나가지고 못하고 아이들도 덥다고 환불하려다,2026.07.18
su**ung0409,10,너무 재밌어 완전 ㅋㅋㅋ,2026.07.18
le**uji002,10,인생영화… 역대 토이스토리중 가장 좋앗어요,2026.07.18
sa**2000,10,넘 재미임ㅅ어요 빨리 다음먀뉴,2026.07.18
mo**ly12,8,나쁘지는 않은 소소 정도.. 장난감의 시대가 끝나간다는 것이 실감나더군요,2026.07.18
ma**mhusky,9,장난감들의 개인정보 탈취 무서워요...,2026.07.18
hc**42424,7,20년이 지나서도 감동을 주다니,2026.07.18
lp**l1107,10,동심으로 돌아간 기분입니다,2026.07.18
jo**7776,10,아이들도 재미있게보고 저도 오랜만에 장난감을 보면서 추억했어요~즐거운시간이였습니다,2026.07.18
hc**oy79,10,영상도 너무좋고 스토리도 끝내줍니다,2026.07.18
ca**life88,10,재미있었어요. 좋습니다.,2026.07.18
jk**use486,10,너무 감동적이었습니다.,2026.07.18
mi**ng1121,10,인형놀이 하며 놀았던 추억이 디지털로 바뀌어갔다는게 새삼 와닿았어요. 개인적으론 슬프기도 했네요ㅠ,2026.07.18
fr**hgrape,8,현 시대 어린이들의 삶과 고뇌가 잘 어울어진 작품,2026.07.18
rk**s0603,10,슬프다는 평을 듣고 갔는데 완전 코미디,2026.07.18
oc**nfrom000,10,동심으로 돌아간 느낌이었어요,2026.07.18
mu**ogi27,10,"영화 퀄리티에 감탄했어요. 뒷자리 꼬마 관객, 좌석을 손으로 당기고, 수 초에 한 번씩 발로 차고 해서 다소 거슬렸지만, 발이 잘 안 닿아 불편하겠거니 하고 참았습니다.",2026.07.18
98**00jh,10,이번시즌은 정말 시나리오를 위해 노력한게 보일정도로 감동 그 자체 😭😭😭,2026.07.18
gh**s9803,10,진짜 오랜만에 재밌는 영화였어요 전달하려는 메시지도 좋고 연출 스토리 다 좋았어요,2026.07.18
hj**21212,10,다시금 나의 동심을 불러 일으켜준 영화,2026.07.18
eu**cco1,6,기대보다는 별로였네요 ㅠㅠ 너무 기대했나봅니다,2026.07.18
go**odsj84,10,토이스토리는 영원해♡,2026.07.18
sk**ble,10,오랜만에 온 가족이 옛추억을 되새기며 재밌게.봤습니다.,2026.07.18
su**3556,8,스토리의 주제는 예전 작과 유사했으나 아이들이 점점 장난감과 함께 꿈꾸는 시대가 가고 디지털에 익숙한 세상에 살고 있다는 점에서 씁쓸한 기분이 들었다,2026.07.18
fi**erf,7,"AI의 폐해 그러나 아날로그의 감성이 승 리한다
역시 아날로그다 인간미는ᆢ",2026.07.18
su**y166,8,전작들에 비해서는 아쉽지만 토이스토리 특유의 순수하고 잔잔한 감성이 좋다,2026.07.18
dr**a4563,10,아이들이랑 관람했는데 너무 재미있게 봤어요,2026.07.18
kd**01e08,10,또 보고 싶어요 귀요미!!,2026.07.18
Py**us3312,10,오랜만에 토이스토리 시리즈 보는데 재밌어요,2026.07.18
wh**stjs81,10,아이들이 재밌다고 좋아하네요^^,2026.07.18
dk**odls369,10,"아이와 함께 봤는데, 아이도 재밌다고 하고 가족영화로 추천합니다",2026.07.18
jo**is1505,8,첫째가 봤는데 아무런 얘기가 없응,2026.07.18
ho**on3115,8,장난감들의 삶을 보여주는 영화,2026.07.18
ki**1124,10,감동...이 밀려와요. 아름다운 이야기였어요... 토이스토리에는 감동이 있다.,2026.07.18
ji**101229,10,"역시 디즈니,,, 동심을 다시 친구랑 찾앗어요 짱짱 맨 6도 나와랏",2026.07.18
ps**n7528,10,손녀와 같이 두번이나 보았습니다. 전자기기에 밀려 장난감이 홀대받는 시대상에 울림이 있었습니다,2026.07.18
hu**r7805,10,역시 토이스토리~^^,2026.07.18
ss**g0718,10,"초4 아들이 보고싶다고해서 기대없이 봤다가 넘 재밌게 봤네요 ㅎ 스토리도 좋고, 중1 아들이랑 아빠도 꼭 보라고 등떠밀었습니다~ 자녀들이랑 함께 보세요~^^",2026.07.18
ah**0812,10,"토이스토리 월드에 끝이란 없다. 언제봐도 즐겁고, 언제봐도 신나고, 언제봐듀 새로운..우리의 토이스토리!! 고마워, 다시 돌아와줘서...",2026.07.18
us**hj13,10,특히 아이들이 재미있어하네요. 같이본 저도 재미있게 봤어요.,2026.07.18
so**7027,10,재미지다 토이스토리 파이브!,2026.07.18
km**o922,10,이전 시리즈 못보고 봤는데 아이도 저도 재밌었어요,2026.07.18
ju**aeri89,10,아이들과 다같이 봤는데 재밌었어요ㅎㅎ,2026.07.18
tw**mj123,10,진짜 감동 그자체였습니다,2026.07.18
he**hin82,10,"스토리가 좋았어요.
아이와 함께 보기 너무 좋았어요",2026.07.18
do**s8211,10,딸과 친구들이 완전 재밋다네요^^,2026.07.18
kh**a11aa,10,애들이 잘보고 재미있어요,2026.07.18
co**u237,10,아이들이 너무 재밌게 봤다고 해요.,2026.07.18
ba**ula09,10,토이스토리 전편 시리즈 보다 훨씬 더 재밌는 거 같아요 요즘 시대에 딱 맞게 전자기기가 나와서 친구 사귀는 게 어려웠다가 놀이로 친구 다시 친구 생겨서 감동을 받았습니다,2026.07.18
so**i0426,10,감동적인 스토리예요 아이랑 재밌게 봤어요,2026.07.18
mi**j7733,10,시대성을 반영하는 명작이네요,2026.07.18
Si**erstar90,10,아이와 처음 봤는데 집중하고 너무 잘 봤어여♥,2026.07.18
di**rah83,10,아이들이 매우 만족하였어요,2026.07.18
sh**8401,9,"픽사가 애정을 가지고 공들여 만든 느낌! 현 시대의 장난감이 겪는 이야기를 유쾌하게 풀어냄. 현재의 이상적인 주인 덕에 살아남고 과거의 추억으로 가치를 찾지만, 앞으로는?",2026.07.18
ev**yjajm2,5,기대한것 보다 별로였어요,2026.07.18
ca**0505,10,다시 10년 기다리면 6 나오는건가..죽기전에 몸 성할때 10까지 볼수만 있다면..,2026.07.18
11**garam,10,재미도 있고 감동도 있어요^^,2026.07.18
go**met5,7,태블릿에 대한 마지막 항변을 위한 계몽을 이런 식으로...,2026.07.18
si**le794,10,너무 감동적 입니다..,2026.07.18
ek**85,10,제시가 주인공인게 전혀 어색하지 않음. 최고다,2026.07.18
yj**9755,10,어릴때 생각나서 신나고 재미있었어요,2026.07.18
rk**la12,10,"재밋어요
 추천합니다",2026.07.18
go**iy623,10,시리즈마다 꼭 관람합니다,2026.07.18
ss**nn84,10,재미있고 볼거리가 아주 많습니다 최고에요,2026.07.18
dm**ud2367,10,"더빙,자막..다 재밌어요.",2026.07.18
je**sa75,7,집증도도 떨어지고 크게 흥미롭지 않음,2026.07.18
sy**881310,10,아이가 너무 좋아하네요.,2026.07.18
je**kayoo73,10,.재미 있게 봤어요..  영상미도 굿,2026.07.18
ap**4321,10,98683535353,2026.07.18
13**826jane,10,제시와 에밀리의 스토리가 최고,2026.07.18
se**un080620,10,너무너뮤너뮤재밋어요,2026.07.18
JJ**jj22,10,버즈키스신개충격영화개꿀잼!,2026.07.18
jb**un7006,10,여전히 재미있네요~,2026.07.18
mo**chd83,10,추억 여행에 현 세태에 대한 풍자 한 스푼,2026.07.18
op**l480,10,가슴 따뜻한 영화 입니다,2026.07.18
cl**so12,10,아이랑 정말 너무너무 재밌게봣어요~,2026.07.18
dk**jdtj13,10,행복한 내영이였어여,2026.07.18
bb**mi0907,10,미디어를 너무 좋아하는 딸아이랑 재밌게 함께 보고 이야기 나눌 수 있는 좋은 시간이였어요,2026.07.17
wj**mstj9242,5,"현실과 맞닿아 있는 소재를 가지고 스토리를
만든게 좀 더 공감이 가서
좋앗어요",2026.07.17
et**nitysj81,10,중간중간 웃음포인트도 있고 재미있었어요!! 아이들과 힘께 보기 좋은 영화입니다.,2026.07.17
su**jooya,9,태블릿 vs 장난감을  통합했다.,2026.07.17
ju**uny35,10,가족들과 좋은 관람했습니다^^,2026.07.17
he**onchoi12,10,기대보다 완전 이상. 너무 감동적임,2026.07.17
go**nice,7,만화가 좀 예전 느낌이 났어요,2026.07.17
mi**99352,10,추억돋네ㅋ 인형들의 모험. 즐겁다,2026.07.17
wn**s951110,10,역시 어른들의 애니메이션이네요ㅋㅋ 저는 막차를 탔지만 n회차인 분들도 꽤 있었어요~ 재밌었어요!,2026.07.17
sd**in01,10,영화관 관리가 최악이네요.,2026.07.17
ju**eojang0620,10,현재를 살아가는 우리에게 진정으로 중요한 것이 무엇인지 생각하게 만드는 따뜻한 영화인 것 같다.,2026.07.17
dr**w197,10,즐거웠습니다. 다시 보고 싶어요.,2026.07.17
11**dain,10,연출 좋고 디즈니 적성 느낌이에요 애들이 좋아할 것 같아요,2026.07.17
di**77,10,너무너무 재밌었어요,2026.07.17
qq**kd7564,10,여전히 토이스토리는 삶의 진리를 잘 표현해주는 애니메이션이였다,2026.07.17
ki**5865,8,"- 제시는 주인공값을 하고 우디는 깔끔하게 서포트로 퇴장
- 악역은 없다. 설득력은 있지만 뭔가 안일해진 스토리텔링
- 후반부 버즈 단체씬은 생각못한 명장면",2026.07.17
zz**gsdg5183,10,아이들이 정말 좋아합니다^^♡♡♡,2026.07.17
qk**22tn,10,굿굿굿 최고입니다 ㅎㅎ,2026.07.17
xk**bswn87,8,"아이랑같이봤는데 나무아래 땅팔때 같이 울었어요ㅜㅜ 토이스토리는 영상미나 음악이
너무 좋아서 시리즈나오면 바로바로 보러오는 것같아요!",2026.07.17
pu**um42,10,시대는 변해도 친구들은 영원함,2026.07.17
ch**030602,10,감동도 반성도 즐겁게 봤어요.,2026.07.17
me**cer2,10,잼있고 감동적이였너요!!,2026.07.17
se**un813,10,기대없이 봤는데 정말 좋았어요!,2026.07.17
el**a1303,10,스토리가 너무 좋아서 과몰입,2026.07.17
di**ytjql1,8,토이스토리는 어전히 3이 띵작,2026.07.17
ev**loki,10,아이들이 진정으로 누려야 할 세상을 생각해 보게 하는 영화입니다. 스마트 기기에 빼앗긴 시선을 돌이킬 수 있는 가정이 더 많아지길 소망하며...,2026.07.17
no**i1212,10,5학년 친구들이랑 진짜 진짜재미있게 봤데용,2026.07.17
no**ope70,10,버즈가 날아 오를 때 내 눈에 눈물이ㅠㅠ,2026.07.17
me**jw3400,10,"어렸을때 장난감을 가지고 놀았던 시절을 떠올리면서 이번 스토리에는 엄청난 공감력이 감해져서, 아날로그와 디지털의 공존에 대한 주제를 떠올리게 하면서 감명깊게 느낀 영화였습니다.",2026.07.17
xk**msdlf123,10,내가 나이를 먹었다는걸 느끼네요...ㅠㅠ,2026.07.17
kn**7777,8,아이랑 봤는데 저는 졸렸어요 아이들은 잼닜대요 ㅎㅎ,2026.07.17
rl**f7041,10,추억팔이로 생각하고 보러가도 평타치는데 이번 시즌5는 스토리도 괜찮고 장난감 돼지 말 그리고 장난감을 좋아하는 대상인 아기까지 다 귀여웠음! 추천!!!,2026.07.17
bs**2450,10,아이들이랑 보는게재밋습니다,2026.07.17
tn**s215,10,AI시대에도 아날로그가 여전히 살아남는 이유,2026.07.17
ha**061,10,"빠른전개
지루할틈이없네요 ㅎㅎ",2026.07.17
nn**210321,10,최고에요 최고에요 최고에요 최고에요,2026.07.17
pa**hi79,10,아이들과 재미있게 봤네요. 어릴때 토이스토리1본 기억에 추억보정!,2026.07.17
do**ri79,10,너무좋다이굳굳굳굳베리,2026.07.17
ge**h32a,4,이제는 그만해야될 프랜차이즈,2026.07.17
sh**in6060,10,"토이스토리 넘넘 웃기고 재미있었어요  스토리도 탄탄하고
친구와의 관계가 얼마나 중요한지도 알게되었구요  소중한 장난감도 버리지말고 추억으로 함께하는 그런 생각도 하게되었습니다",2026.07.17
Sk**75600,6,익숙한 주인공..  스토리 역시 요즘 세대에 맞는 스토리.아이들과 가볍게 보기 좋았어요.,2026.07.17
fi**wizard74,7,옛날 기억은 좋았는데 좀 지겨웠음 애들용,2026.07.17
wi**om71078,10,"내용도 의미있고 가족들과 함께 보면 좋을 영화네요.
물론 재미도 있어요.",2026.07.17
bl**090730,8,감동적입니다ㅠㅜㅠㅜ,2026.07.17
ha**aeh1,10,아이들이 재미있게 봤다고 하네요,2026.07.17
po**man1020,10,기대없이 봐서 그런지 넘 잼난다요 스토리 잼나요,2026.07.17
hs**1129,10,"정말 재미있게 딸아랑
봤습니다 짱이에요!!",2026.07.17
sh**861186,10,아이들 여름방학에 보기 좋은 스토리네요,2026.07.17
si**rim0301,10,재미있게 잘 보았습니다.,2026.07.17
ks**1234,10,토이스토리는 영원하라,2026.07.17
xt**ma85,6,토이스토리 광팬이라면 좋아하겠지만 그냥 팬이거나 추억보정으로 보는거라면 큰 감흥은 없다. 전자기기 중독? 이라는 나름 참신한? 주제를 냐세웠지만 그냥 그것뿐인 비슷한 스토리,2026.07.17
zo**h0320,10,교훈적이어서 참좋았어요~^^,2026.07.17
ry**osa2009,8,중간중간에 답답하긴했지만 넘 감동,2026.07.17
vi**et99yy,10,늦은 시간 영화보러 처음 갔는데 사람도 많고 토이스토리도 처음이었는데 앞에 몰라도 재밌었어요~,2026.07.17
do**chel82,10,너무 재미 있어요!!  추억이 새록새록 하네요,2026.07.17
en**sj1018,10,스토리도 좋고 재미도 있어요,2026.07.17
wh**e119,10,태블릿에 빠져있는 아이들에게 의미있는 장난감 얘기예요,2026.07.17
ke**re,10,언제나 잔잔한 감동이 있는 동심자극 토이스토리,2026.07.17
im**eeee67,10,존잼 힐링돼요 또 볼래요,2026.07.17
we**2588,10,아이들이 너무좋아합니다~,2026.07.17
bo**er35,10,아이들과 같이 보기좋은 가족영화에요 잔잔한 스토리도 있고요,2026.07.17
tt**g2010,10,재밋다 재밋다 ㅜㅠㅠㅜㅠㅜ,2026.07.17
il**ejm0605,10,현대사회의 문제를 잘관통한 영화라고생각합니다,2026.07.17
id**m8371,7,어린이도 감동했습니다,2026.07.17
dk**sdid,10,진짜 토이스토리는 매번 최고입니다,2026.07.17
Eu**ul1163,10,토이스토리4보다  재밌음..  토이스토리5는 약간 친구 관계와 태블릿의 무서움(?)을 알려주는 영화,2026.07.17
ro**star01,10,우디 정수리 탈모가 너무 슬프네요,2026.07.17
so**4190,10,성인인데두 너무 조아써여,2026.07.17
jl**eluck7,10,그냥 사랑해 인형들아,2026.07.17
a2**216158,10,재밌었구 토이스토리 오랜만,2026.07.17
ho**3632,10,"너무 재밌게 봤고, 시즌6이 기대되네요ㅎㅎ",2026.07.17
po**2210,8,낡은 우디 맘아프네..,2026.07.17
hy**in00,10,토이스토리는 언제나 옳다,2026.07.17
sh**8326,10,약간 아쉬운 연출이 있었긴 하지만 그래도 재미있었어요,2026.07.17
kj**ry77,8,인형에서 장난감의 유익을 찾다 신식구식 상관없이 사람을 위로하고 그들의 행복에서 자신의 삶의 보람을 찾는 인형들의 이야기? 토이스토리!,2026.07.17
he**9332,8,1편부터 몰아보기 다시 해야지,2026.07.17
do**om77,10,재미와 감동 가족모두의 영화!!!,2026.07.17
jj**00441166,9,오랜만에 보니 재밌었네요 여자친구랑보니 좋아합니다,2026.07.17
be**akgy,10,재미있어요 재미있어요,2026.07.17
nl**hs35,10,아이랑 재밌게 봤어요. 앞전 스토리몰라도 볼만해요,2026.07.17
ma**imy0213,10,아들이랑 즐겁고 재미있게 관람 했어요,2026.07.17
ku**hk77,8,아이가 넘 좋아해요,2026.07.17
se**in0221,10,아이들이 재미있다고합니다,2026.07.17
yu**eg333,10,무겁지않게 풀어낸 문제,2026.07.17
ca**adiam07,10,가볍게 보기 좋은 영화입니다. 재밌어요,2026.07.17
ks**2325,10,감동적인  영화 였어요,2026.07.17
cr**0178,10,요즘 세상에 주는 메세지가 있네요. 잔잔하지만 잘 봤어요,2026.07.17
sk**n1234,10,"재밌어요,지금시대에 꼭필요한영화입니다.",2026.07.17
se**y7508,10,요즘 아이들의 일상을 이야기 보여주면서 어떻게 알려줘야되는지 영화를 보고 많은 생각을 하게 되었다,2026.07.17
Ga**i3031204,10,토이스토리 사랑해ㅐㅐ,2026.07.17
hy**jin8,10,님자친구랑 봤는데 재밌으면서 약간 로맨스라서 좋았어여,2026.07.17
hl**ole0211,9,스토리도 좋앗고 되게 감동적이엇음ㅠㅠ,2026.07.17
HA**N1113,10,영원히친구하자내가손안놓을게,2026.07.17
zz**382561,10,정필이랑 토이스토리 6도 보기러 했음 ㅎ,2026.07.17
je**hy0801,10,동심을 지켜주는 영화,2026.07.17
si**o110214,10,재밋엇다 연기가 볼만함,2026.07.16
