score,review,date,cleaned_review,rating,created_at,review_len,word_count,datetime,year,month,day,weekday
10,어른들에게도 교훈이 있는 좋은영화,2 분전,어른들에게도 교훈이 있는 좋은영화,10,,18,4,,,,,
10,"아이가 보고싶어해서 봤어요
토이스토리 첨 보는데 많은 교훈을 주는 내용이네요
폰시간을 줄이자고하니 그렇게 영화를 이해하면 안된다네요 ㅋㅋ",44 분전,아이가 보고싶어해서 봤어요 토이스토리 첨 보는데 많은 교훈을 주는 내용이네요 폰시간을 줄이자고하니 그렇게 영화를 이해하면 안된다네요 ㅋㅋ,10,,76,17,,,,,
4,애들이 좋아할 듯한 스토리… 유치함 ㅜㅜ,1 시간전,애들이 좋아할 듯한 스토리 유치함 ㅜㅜ,4,,21,6,,,,,
9,"""시대는 변해도, 친구들은 영원하다""",2 시간전,시대는 변해도 친구들은 영원하다,9,,17,4,,,,,
8,새로운 디지털 장난감과 끝나지 않은 아날로그 장난감들의 이야기...,3 시간전,새로운 디지털 장난감과 끝나지 않은 아날로그 장난감들의 이야기,8,,34,8,,,,,
8,토이 스토리 재미있게 잘 봤어요,3 시간전,토이 스토리 재미있게 잘 봤어요,8,,17,5,,,,,
10,재미있어요 굿굿 ㅠㅠ,4 시간전,재미있어요 굿굿 ㅠㅠ,10,,11,3,,,,,
10,재미있게 봤어요 또 보고  싶어 요,4 시간전,재미있게 봤어요 또 보고 싶어 요,10,,18,6,,,,,
9,토이스토리는 언제나 기대를 저버리지않아요♡,4 시간전,토이스토리는 언제나 기대를 저버리지않아요,9,,22,4,,,,,
8,여전히 생명력이 있는 시리즈라는게 느껴진다,4 시간전,여전히 생명력이 있는 시리즈라는게 느껴진다,8,,23,5,,,,,
10,관계는 바뀌어도 추억은 바뀌지 않는다. 소중한 추억...,4 시간전,관계는 바뀌어도 추억은 바뀌지 않는다 소중한 추억,10,,27,7,,,,,
9,토이스토리  아이가 좋아하는 애니에요,5 시간전,토이스토리 아이가 좋아하는 애니에요,9,,19,4,,,,,
10,사실 시리즈가 많아 기대는 안했는데 고1.중2아들과 같이봤는데 재미있었어요~,5 시간전,사실 시리즈가 많아 기대는 안했는데 고1중2아들과 같이봤는데 재미있었어요,10,,40,8,,,,,
10,"오랜만에 보는 토이스토리, 재밌었어요",5 시간전,오랜만에 보는 토이스토리 재밌었어요,10,,19,4,,,,,
8,"디즈니 스러운 교훈과 스토리네요
시리즈를 전부본게아니라서 왜 인생영화인지까진 공감하지못했지만 작중 감정변화나 표현은 좋았습니다
버즈 장난감을 가지고 관람한 아이덕에 별하나 추가요",6 시간전,디즈니 스러운 교훈과 스토리네요 시리즈를 전부본게아니라서 왜 인생영화인지까진 공감하지못했지만 작중 감정변화나 표현은 좋았습니다 버즈 장난감을 가지고 관람한 아이덕에 별하나 추가요,8,,99,20,,,,,
10,굿굿입니다용 ㅎㅎㅎㅎ,7 시간전,굿굿입니다용 ㅎㅎㅎㅎ,10,,11,2,,,,,
10,끝없는 아이들과 장난감의 유대,10 시간전,끝없는 아이들과 장난감의 유대,10,,16,4,,,,,
10,토이스토리 시리즈중 최고,10 시간전,토이스토리 시리즈중 최고,10,,13,3,,,,,
10,감동적이고 노래ost도 좋아요,11 시간전,감동적이고 노래ost도 좋아요,10,,16,3,,,,,
6,아무 생각 없이 힐링하기 좋은 킬링 타임용 영화. 동심 충전 완료.,11 시간전,아무 생각 없이 힐링하기 좋은 킬링 타임용 영화 동심 충전 완료,6,,35,11,,,,,
10,영상이 예뻐서 어른도 힐링각,12 시간전,영상이 예뻐서 어른도 힐링각,10,,15,4,,,,,
10,요즘 아이들이 꼭 봐야할 영화,13 시간전,요즘 아이들이 꼭 봐야할 영화,10,,16,5,,,,,
10,집에 안쓰는 장난감에게 다시 애정을,14 시간전,집에 안쓰는 장난감에게 다시 애정을,10,,19,5,,,,,
10,그시절의 추억과 감동이 물밀려오듯이 한꺼번에 들이차서 눈물을 훔칠수 밖에 없었습니다 감동적이예요,15 시간전,그시절의 추억과 감동이 물밀려오듯이 한꺼번에 들이차서 눈물을 훔칠수 밖에 없었습니다 감동적이예요,10,,53,11,,,,,
10,기다린 보람이 있음. 너무너무 재밌어요.,21 시간전,기다린 보람이 있음 너무너무 재밌어요,10,,20,5,,,,,
10,너무 재밌어요! 이래서 토이스토리가 많은 사랑을 받는 구나 깨달았습니다 🫶,21 시간전,너무 재밌어요 이래서 토이스토리가 많은 사랑을 받는 구나 깨달았습니다,10,,38,9,,,,,
10,재미 있었어요 특히 제시.목소리 성우님 제가 좋아하는 목소리라 더 흥미롭게 들었네요. 아이들이랑 같이 봤는데 재미 있었대요~ 그런데 왠지 토이스토리는 어른을 위한 영화 같다는 생각,21 시간전,재미 있었어요 특히 제시목소리 성우님 제가 좋아하는 목소리라 더 흥미롭게 들었네요 아이들이랑 같이 봤는데 재미 있었대요 그런데 왠지 토이스토리는 어른을 위한 영화 같다는 생각,10,,97,24,,,,,
8,무난무난 나쁘지 않았다,23 시간전,무난무난 나쁘지 않았다,8,,12,3,,,,,
10,스토리 자체는 재미있음. 어른보다 아이들이 더 좋아할 영화,23 시간전,스토리 자체는 재미있음 어른보다 아이들이 더 좋아할 영화,10,,31,8,,,,,
10,너무 좋았어요 🫶,23 시간전,너무 좋았어요,10,,7,2,,,,,
10,아이들과재밌게봤어요!,1 일전,아이들과재밌게봤어요,10,,10,1,,,,,
10,정말 재미있어요 ㅋ,1 일전,정말 재미있어요 ㅋ,10,,10,3,,,,,
10,스토리가 재밌고 속 시원,1 일전,스토리가 재밌고 속 시원,10,,13,4,,,,,
10,초연결 속 단절을 야기하는 스마트 기기에 대한 고찰,1 일전,초연결 속 단절을 야기하는 스마트 기기에 대한 고찰,10,,28,8,,,,,
9,기본컨셉을 해치지않고 시대변화상을 매우 잘 녹여내어 연출한 상상력이 대단하다!,1 일전,기본컨셉을 해치지않고 시대변화상을 매우 잘 녹여내어 연출한 상상력이 대단하다,9,,42,9,,,,,
10,아이들과 너무 즐겁게 관람했어요~,1 일전,아이들과 너무 즐겁게 관람했어요,10,,17,4,,,,,
8,"스마트기기에 중독된 시대에 위트 있는 이야기로 재미있게
감상했습니다. 9살 아이도 재미있게 봤다네요.",1 일전,스마트기기에 중독된 시대에 위트 있는 이야기로 재미있게 감상했습니다 9살 아이도 재미있게 봤다네요,8,,54,12,,,,,
10,"전자기기의 무서움을 시각적으로 보게되니 너무 무서웠고, 아이들의 미래가 걱정되었어요. 어릴적 논던게 떠올라 추억여행도 되고 오히려 어른들이 봐야하지 싶네요",1 일전,전자기기의 무서움을 시각적으로 보게되니 너무 무서웠고 아이들의 미래가 걱정되었어요 어릴적 논던게 떠올라 추억여행도 되고 오히려 어른들이 봐야하지 싶네요,10,,84,18,,,,,
10,역시 토이스토리… 👍🏻👍🏻,1 일전,역시 토이스토리,10,,8,2,,,,,
10,잘봤습니다  재밌어지더라고요,1 일전,잘봤습니다 재밌어지더라고요,10,,14,2,,,,,
10,AI 시대에 맞는 주제로 재밌게 봤습니다,1 일전,AI 시대에 맞는 주제로 재밌게 봤습니다,10,,22,6,,,,,
10,어른인 제가 감동 받은 부분이 많아 코끝찡했네요. 아이들에게도 마음속 깊이 타임캡슐로 남아 언젠가 문득 끄집어 내게 되는 영화로 기억되지 않을까 생각합니다,1 일전,어른인 제가 감동 받은 부분이 많아 코끝찡했네요 아이들에게도 마음속 깊이 타임캡슐로 남아 언젠가 문득 끄집어 내게 되는 영화로 기억되지 않을까 생각합니다,10,,85,21,,,,,
10,"재밌었어요! 나이대별로 좋아하는게 달라지면서, 어릴때 갖구놀던 장난감의 소중함을 다시 느끼게 되었던..요즘 아이들의 모습도 보였습니다.",1 일전,재밌었어요 나이대별로 좋아하는게 달라지면서 어릴때 갖구놀던 장난감의 소중함을 다시 느끼게 되었던요즘 아이들의 모습도 보였습니다,10,,70,14,,,,,
9,"초등, 유치원 딸들과 봤은데 감동이래요",1 일전,초등 유치원 딸들과 봤은데 감동이래요,9,,20,5,,,,,
10,아이들과 같이 보기 좋아요~,1 일전,아이들과 같이 보기 좋아요,10,,14,4,,,,,
10,추억의토이스토리해피엔드,1 일전,추억의토이스토리해피엔드,10,,12,1,,,,,
10,영화 재밌게 관람했어요,1 일전,영화 재밌게 관람했어요,10,,12,3,,,,,
10,역시 재밌어요~~~ 6시리즈도 나왔음 좋겠어요!!,1 일전,역시 재밌어요 6시리즈도 나왔음 좋겠어요,10,,22,5,,,,,
7,다 좋았는데 뭔가 임팩트가 없음 약간 전편들 보다는 쫌....,1 일전,다 좋았는데 뭔가 임팩트가 없음 약간 전편들 보다는 쫌,7,,30,9,,,,,
10,숨실틈없이 재미있게 잘 봤어요,1 일전,숨실틈없이 재미있게 잘 봤어요,10,,16,4,,,,,
10,어린시절 내 놀이친구들 소환!!,1 일전,어린시절 내 놀이친구들 소환,10,,15,4,,,,,
10,토이들과 함께 나이를 먹는게 행복했어요,1 일전,토이들과 함께 나이를 먹는게 행복했어요,10,,21,5,,,,,
9,어른이 된 우리들에게 기억을 되찾아주는 영화,1 일전,어른이 된 우리들에게 기억을 되찾아주는 영화,9,,24,6,,,,,
7,나이가 들면서 편견을 버리기가 점점 어려워진다.,1 일전,나이가 들면서 편견을 버리기가 점점 어려워진다,7,,25,6,,,,,
10,아이들과 재미있게 봤습니다.,1 일전,아이들과 재미있게 봤습니다,10,,14,3,,,,,
10,아이들이 보고 싶다고 해서  아이 친구들까지 데리고 가서  봤는데 너무 재미있어하네요^^  요즘 진짜 전자기기 넘 많이 하는데  아주 공감했네요,1 일전,아이들이 보고 싶다고 해서 아이 친구들까지 데리고 가서 봤는데 너무 재미있어하네요 요즘 진짜 전자기기 넘 많이 하는데 아주 공감했네요,10,,74,19,,,,,
10,신박한 내용 좋았습니다.,1 일전,신박한 내용 좋았습니다,10,,12,3,,,,,
10,감동적이고 잔잔한 스토리,1 일전,감동적이고 잔잔한 스토리,10,,13,3,,,,,
10,푸석푸석한 삶에 활력소같은 영화였습니다. 다시한번 되돌아보게되고 앞으로 나아갈 에너지를 주는 영화네요!,1 일전,푸석푸석한 삶에 활력소같은 영화였습니다 다시한번 되돌아보게되고 앞으로 나아갈 에너지를 주는 영화네요,10,,55,11,,,,,
10,시대상까지 반영한 메시지를 전하는..왜 관람평이 별로인 글들이 많은지 이해가 안간다. 재미 있기만 하구만...,1 일전,시대상까지 반영한 메시지를 전하는왜 관람평이 별로인 글들이 많은지 이해가 안간다 재미 있기만 하구만,10,,55,13,,,,,
10,역시 토이스토리! 평 안좋은 게 종종 있는게 이해가 안 갈 정도로 좋았다!,1 일전,역시 토이스토리 평 안좋은 게 종종 있는게 이해가 안 갈 정도로 좋았다,10,,39,12,,,,,
9,"30년간 기다려왔던 버즈의 특이점!
새로운 친구, 새로운 연출방식 모두가 맘에드는 한편이였다.우려먹는건 없다.캐릭터들은 이전의 그들이지만 이야기는 이전의 그것이 아니다!",1 일전,30년간 기다려왔던 버즈의 특이점 새로운 친구 새로운 연출방식 모두가 맘에드는 한편이였다우려먹는건 없다캐릭터들은 이전의 그들이지만 이야기는 이전의 그것이 아니다,9,,89,18,,,,,
10,"동심으로 다시 돌아가는 시간이었습니다!
추천합니다!!",1 일전,동심으로 다시 돌아가는 시간이었습니다 추천합니다,10,,26,5,,,,,
10,재미있어요 가족과함께보기좋어요,1 일전,재미있어요 가족과함께보기좋어요,10,,16,2,,,,,
8,아기자기하면서 시끌벅적 토이들,1 일전,아기자기하면서 시끌벅적 토이들,8,,16,3,,,,,
8,"볼만은 해요, 주제는 좋은거 같아요",2 일전,볼만은 해요 주제는 좋은거 같아요,8,,18,5,,,,,
10,영화 내내 푹 빠져서 봤습니다. 모아나랑 토이스토리 중 고민했는데 보길 잘함!,2 일전,영화 내내 푹 빠져서 봤습니다 모아나랑 토이스토리 중 고민했는데 보길 잘함,10,,41,11,,,,,
10,아이랑 보는 영화 보통 재미없거나 그냥그런데요. 토이스토리는 전 시리즈 안봤었는데도 꽤 재밌었어요. 극장에 대부분은 어른들끼리 보러 온 사람들이었고 다들 즐기는 거 같았습니다.,2 일전,아이랑 보는 영화 보통 재미없거나 그냥그런데요 토이스토리는 전 시리즈 안봤었는데도 꽤 재밌었어요 극장에 대부분은 어른들끼리 보러 온 사람들이었고 다들 즐기는 거 같았습니다,10,,95,22,,,,,
7,저는 좀 졸렸어요..,2 일전,저는 좀 졸렸어요,7,,9,3,,,,,
8,큰 기대없이 봤는데 정말 재미있게 관람했습니다. 추천합니다.,2 일전,큰 기대없이 봤는데 정말 재미있게 관람했습니다 추천합니다,8,,31,7,,,,,
10,재밌었어요 오랜만에 봐서,2 일전,재밌었어요 오랜만에 봐서,10,,13,3,,,,,
10,내용 뻔하지만 보게되는 영화.. 빠져드는 영화..!,2 일전,내용 뻔하지만 보게되는 영화 빠져드는 영화,10,,23,6,,,,,
6,재미있었습니다!!!,2 일전,재미있었습니다,6,,7,1,,,,,
10,초중등생 관람 필수,2 일전,초중등생 관람 필수,10,,10,3,,,,,
8,아이들이 보기에 좋을 것 같아요 어른들도 볼만은해요,2 일전,아이들이 보기에 좋을 것 같아요 어른들도 볼만은해요,8,,28,7,,,,,
10,스토리가 재밌고 요즘 어이들에게 보여주고싶은 영화입니다 감동있습니다,2 일전,스토리가 재밌고 요즘 어이들에게 보여주고싶은 영화입니다 감동있습니다,10,,37,7,,,,,
2,토이스토리는 끝났어야 했다.,2 일전,토이스토리는 끝났어야 했다,2,,14,3,,,,,
10,토이스토리 처음봤는데 재밌었음,2 일전,토이스토리 처음봤는데 재밌었음,10,,16,3,,,,,
10,가족이 볼 수 있는 감동적인 이야기!,2 일전,가족이 볼 수 있는 감동적인 이야기,10,,19,6,,,,,
10,너무 재밌고 즐겁게 봤어요!!,2 일전,너무 재밌고 즐겁게 봤어요,10,,14,4,,,,,
8,전자기기 없던 어린 시절이 참 소중했다,2 일전,전자기기 없던 어린 시절이 참 소중했다,8,,21,6,,,,,
10,너무너무 재밌어요 뭔가 슬프네요,2 일전,너무너무 재밌어요 뭔가 슬프네요,10,,17,4,,,,,
10,아이와 재밌게 봤어요,2 일전,아이와 재밌게 봤어요,10,,11,3,,,,,
10,"스토리, 연출이 좋네요",2 일전,스토리 연출이 좋네요,10,,11,3,,,,,
5,그냥 그럭저럭....,2 일전,그냥 그럭저럭,5,,7,2,,,,,
7,123편에 비해서는 감동도 덜하고 무난한 감이 있었지만 지루하지 않고 재밌었다,2 일전,123편에 비해서는 감동도 덜하고 무난한 감이 있었지만 지루하지 않고 재밌었다,7,,43,10,,,,,
10,스토리도 좋고 뒤로갈수록 더 재밌습니다,2 일전,스토리도 좋고 뒤로갈수록 더 재밌습니다,10,,21,5,,,,,
8,전 작품보다는 아쉽지만 내용은 괜찮았다,2 일전,전 작품보다는 아쉽지만 내용은 괜찮았다,8,,21,5,,,,,
8,토이스토리는 이제 마무리 짓자~!,2 일전,토이스토리는 이제 마무리 짓자,8,,16,4,,,,,
10,굿    굿    굿,2 일전,굿 굿 굿,10,,5,3,,,,,
8,ㅎㅎㅎ다윗하고 비교했을때는 스토리가 다윗이 더 재미있다고 아들들이 평하고 저도 그러네요.,2 일전,ㅎㅎㅎ다윗하고 비교했을때는 스토리가 다윗이 더 재미있다고 아들들이 평하고 저도 그러네요,8,,48,10,,,,,
3,예상과 다른 전개. 예전 토이스토리 덕후로서 내용과 인물들의 서사가 달라진게 많이 아쉬움이 남는다.,2 일전,예상과 다른 전개 예전 토이스토리 덕후로서 내용과 인물들의 서사가 달라진게 많이 아쉬움이 남는다,3,,53,13,,,,,
8,장난감들의 세대교체와 각자의 역할을 잘 보여주는 영화,3 일전,장난감들의 세대교체와 각자의 역할을 잘 보여주는 영화,8,,29,7,,,,,
10,역시 토이스토리는 감동이에요,3 일전,역시 토이스토리는 감동이에요,10,,15,3,,,,,
10,재밌습니다! 꼭 보세요,3 일전,재밌습니다 꼭 보세요,10,,11,3,,,,,
10,감동적이고 나름 뜻이 있는 영화였대요 ㅋㅋ,3 일전,감동적이고 나름 뜻이 있는 영화였대요 ㅋㅋ,10,,23,6,,,,,
10,기대한만큼 너무 재미 있었어요,3 일전,기대한만큼 너무 재미 있었어요,10,,16,4,,,,,
9,공감할수있는 스토리~,3 일전,공감할수있는 스토리,9,,10,2,,,,,
10,토이스토리 좋아하는데 4보다 재밌었어요,3 일전,토이스토리 좋아하는데 4보다 재밌었어요,10,,21,4,,,,,
7,어른들에겐 별루 아이들에게는 좀 의미를 줄듯,3 일전,어른들에겐 별루 아이들에게는 좀 의미를 줄듯,7,,24,6,,,,,
10,동심으로 돌아가 즐거웠어요.,3 일전,동심으로 돌아가 즐거웠어요,10,,14,3,,,,,
7,토이스토리를 재미있게 보기에는 나이가 이제는 너무 많은거 같다,3 일전,토이스토리를 재미있게 보기에는 나이가 이제는 너무 많은거 같다,7,,34,8,,,,,
8,"오랜 친구 만나 그냥 소소한 이야기 하듯 웃고 떠드는 ..
그런 시간이 좋았다.",3 일전,오랜 친구 만나 그냥 소소한 이야기 하듯 웃고 떠드는 그런 시간이 좋았다,8,,40,12,,,,,
10,토이스토리 여기 명작이다,3 일전,토이스토리 여기 명작이다,10,,13,3,,,,,
10,제시~ 인형 친구에서 인간 친구로!,3 일전,제시 인형 친구에서 인간 친구로,10,,17,5,,,,,
10,재밌어요 아이랑 잘봤네요,3 일전,재밌어요 아이랑 잘봤네요,10,,13,3,,,,,
10,쪼금 울었어요. 시간이 아깝지 않은 영화에요,3 일전,쪼금 울었어요 시간이 아깝지 않은 영화에요,10,,23,6,,,,,
10,재미있게 잘 봤어요,3 일전,재미있게 잘 봤어요,10,,10,3,,,,,
7,제시 사랑해 우디 사랑해 모두 사랑해,3 일전,제시 사랑해 우디 사랑해 모두 사랑해,7,,20,6,,,,,
8,버즈와 제시 행복해라 짠한 우디,3 일전,버즈와 제시 행복해라 짠한 우디,8,,17,5,,,,,
10,기분 좋아지는 영화,3 일전,기분 좋아지는 영화,10,,10,3,,,,,
8,"""토이 스토리 5""
영화 어떠셨나요?",3 일전,토이 스토리 5 영화 어떠셨나요,8,,17,5,,,,,
8,재미있게 잘 봤습니다,3 일전,재미있게 잘 봤습니다,8,,11,3,,,,,
10,동심으로 돌아간 느낌..! 넘넘 재밋엇어요,3 일전,동심으로 돌아간 느낌 넘넘 재밋엇어요,10,,20,5,,,,,
8,재미있게 봤어요 ~,3 일전,재미있게 봤어요,8,,8,2,,,,,
10,현실문제를 환상과 동심과 함께 잘 만들어낸 예술작품!,3 일전,현실문제를 환상과 동심과 함께 잘 만들어낸 예술작품,10,,28,7,,,,,
7,적당히 보기좋은 그래픽 + 나쁘지 않은 구성과 내용,3 일전,적당히 보기좋은 그래픽 나쁘지 않은 구성과 내용,7,,26,7,,,,,
10,"너무 재밌고, 뭔가 요즘 세대를 보여주는 거 같아서 재밌었다. 감동적인 요소도 있었다",3 일전,너무 재밌고 뭔가 요즘 세대를 보여주는 거 같아서 재밌었다 감동적인 요소도 있었다,10,,45,12,,,,,
10,장난감으로 표현한 시대의 변화,3 일전,장난감으로 표현한 시대의 변화,10,,16,4,,,,,
10,추억+그리움+감동 그리고 재미,4 일전,추억그리움감동 그리고 재미,10,,14,3,,,,,
6,너무 유치해서 아쉬웠다.,4 일전,너무 유치해서 아쉬웠다,6,,12,3,,,,,
10,재밌었고 초2가 자막으로 봐도 좋은 영화,4 일전,재밌었고 초2가 자막으로 봐도 좋은 영화,10,,22,6,,,,,
10,추억의 새로운 지평을 열었다,4 일전,추억의 새로운 지평을 열었다,10,,15,4,,,,,
10,어릴때 생각나고 재밌다,4 일전,어릴때 생각나고 재밌다,10,,12,3,,,,,
2,보니가너무답답해서내가막화가낫음,4 일전,보니가너무답답해서내가막화가낫음,2,,16,1,,,,,
10,너무너무 쟈미있었어요^^ 6편 기대합니다!,4 일전,너무너무 쟈미있었어요 6편 기대합니다,10,,20,4,,,,,
10,잊고있던 현재 상황에 감동을 주었어요,4 일전,잊고있던 현재 상황에 감동을 주었어요,10,,20,5,,,,,
9,언제까지나 내 최고의 파트너,4 일전,언제까지나 내 최고의 파트너,9,,15,4,,,,,
10,굿 재밌어요!!!!,4 일전,굿 재밌어요,10,,6,2,,,,,
10,처음부터 시리즈 다 봤지만 유쾌한. 마음 찡한 영화,4 일전,처음부터 시리즈 다 봤지만 유쾌한 마음 찡한 영화,10,,27,8,,,,,
10,아이들이 엄청 재밌었다고 하네요.,4 일전,아이들이 엄청 재밌었다고 하네요,10,,17,4,,,,,
10,재밌었어요 감동있는 내용,4 일전,재밌었어요 감동있는 내용,10,,13,3,,,,,
10,재미있고 교훈있는 스토리였습니다!,4 일전,재미있고 교훈있는 스토리였습니다,10,,17,3,,,,,
10,눈물 찔끔찔끔 나요,4 일전,눈물 찔끔찔끔 나요,10,,10,3,,,,,
10,너무 재밌고 감동적이었어요,4 일전,너무 재밌고 감동적이었어요,10,,14,3,,,,,
10,너무재밌고꙼̈ 제시 너무 멋져여,4 일전,너무재밌고 제시 너무 멋져여,10,,15,4,,,,,
8,"초반~중반 지루했는데 뒤로갈수록 재밌음
역시 토이스토리는 예상치못한 상황으로 감동을 줌",4 일전,초반중반 지루했는데 뒤로갈수록 재밌음 역시 토이스토리는 예상치못한 상황으로 감동을 줌,8,,47,10,,,,,
10,아이와 부모가 함께 즐겁게 관람할 수 있어 너무 좋았습니다. 전작을 모르고 봐도 영화가 전달하려고 하는 메시지를 읽을 수 있게 만들어진 것 같아서 다행이었습니다.,4 일전,아이와 부모가 함께 즐겁게 관람할 수 있어 너무 좋았습니다 전작을 모르고 봐도 영화가 전달하려고 하는 메시지를 읽을 수 있게 만들어진 것 같아서 다행이었습니다,10,,88,23,,,,,
10,아이들을 위한 스토리 감동이에요,4 일전,아이들을 위한 스토리 감동이에요,10,,17,4,,,,,
10,아이들의 전자기기에 사용실태에 대해 다시 한번 생각해보게 되는 계기가 되었음,4 일전,아이들의 전자기기에 사용실태에 대해 다시 한번 생각해보게 되는 계기가 되었음,10,,42,10,,,,,
10,매우몹시 재밌어요 추천입니다,4 일전,매우몹시 재밌어요 추천입니다,10,,15,3,,,,,
10,재미있게 잘 봤어요.,4 일전,재미있게 잘 봤어요,10,,10,3,,,,,
8,우디의 비중이 적어서 아쉬웠지만 역시 토이스토리는 토이스토리다.,4 일전,우디의 비중이 적어서 아쉬웠지만 역시 토이스토리는 토이스토리다,8,,34,7,,,,,
10,역시 재밌어요. 추천!!!,4 일전,역시 재밌어요 추천,10,,10,3,,,,,
8,매번 먹던 맛 구우웃,4 일전,매번 먹던 맛 구우웃,8,,11,4,,,,,
7,토이스토리 시리즈 좋아,4 일전,토이스토리 시리즈 좋아,7,,12,3,,,,,
6,이제는 토이스토리가 졸릴 나이가 된건가?,4 일전,이제는 토이스토리가 졸릴 나이가 된건가,6,,21,5,,,,,
8,전편에 비해 뭔가 약한 느낌,4 일전,전편에 비해 뭔가 약한 느낌,8,,15,5,,,,,
10,우리들 세월 속 스쳐간 많은 장난감들의 소원이 이런걸까?,4 일전,우리들 세월 속 스쳐간 많은 장난감들의 소원이 이런걸까,10,,30,8,,,,,
10,가족끼리 가서 보면 좋은 영화,4 일전,가족끼리 가서 보면 좋은 영화,10,,16,5,,,,,
10,도대체 언제까지 명작을 뽑아 낼래?,4 일전,도대체 언제까지 명작을 뽑아 낼래,10,,18,5,,,,,
8,"딱 적당한 아이들, 어린 아이들 영화",4 일전,딱 적당한 아이들 어린 아이들 영화,8,,19,6,,,,,
8,그냥 즐겁게 보면 됌^^,4 일전,그냥 즐겁게 보면 됌,8,,11,4,,,,,
7,"지금의 아이들은 장난감보다 전자기기를 선호하지만, 여전히 장난감은 우리의 친구이자 그 시절을 떠올리게 하는 추억이라는 것을 상기시켜 준다.",5 일전,지금의 아이들은 장난감보다 전자기기를 선호하지만 여전히 장난감은 우리의 친구이자 그 시절을 떠올리게 하는 추억이라는 것을 상기시켜 준다,7,,75,17,,,,,
8,새롭게 등장한 전자기기와 기존의 입지를 잃어가는 장난감과의 이야기를 제시의 서사와 감정선을 통해 흡인력있게 표현한 수작.,5 일전,새롭게 등장한 전자기기와 기존의 입지를 잃어가는 장난감과의 이야기를 제시의 서사와 감정선을 통해 흡인력있게 표현한 수작,8,,66,15,,,,,
10,역시 애기들은 미디어노출을 덜 시키고 뛰어놀게 해야겠다,5 일전,역시 애기들은 미디어노출을 덜 시키고 뛰어놀게 해야겠다,10,,30,7,,,,,
10,잘봤습니다 잘봤습니다,5 일전,잘봤습니다 잘봤습니다,10,,11,2,,,,,
10,시간가는줄 모르고 봤어요. 우리 아이들이 전자기기를 지혜롭게 사용할 수 있도록 어른들이 더 노력해야할 것 같아요.,5 일전,시간가는줄 모르고 봤어요 우리 아이들이 전자기기를 지혜롭게 사용할 수 있도록 어른들이 더 노력해야할 것 같아요,10,,61,15,,,,,
10,아이랑 재밌게 봤어요,5 일전,아이랑 재밌게 봤어요,10,,11,3,,,,,
10,현시대에 걸맞은 명작,5 일전,현시대에 걸맞은 명작,10,,11,3,,,,,
7,놀이가 이렇게 재미 있는 거야?,5 일전,놀이가 이렇게 재미 있는 거야,7,,16,5,,,,,
10,집가서 인형들 안아줌🥲,5 일전,집가서 인형들 안아줌,10,,11,3,,,,,
9,스토리도 좋고. 재밌어요.,5 일전,스토리도 좋고 재밌어요,9,,12,3,,,,,
6,어릴적 추억으로 인한 거부할 수 없는 이끌림,5 일전,어릴적 추억으로 인한 거부할 수 없는 이끌림,6,,24,7,,,,,
10,제시의 성장이 참 좋드라,5 일전,제시의 성장이 참 좋드라,10,,13,4,,,,,
10,찐액션 끝판왕 영화,5 일전,찐액션 끝판왕 영화,10,,10,3,,,,,
10,저그가 우리아빠라고? * 100,5 일전,저그가 우리아빠라고 100,10,,14,3,,,,,
6,캐릭터들이 너무 올드해짐,5 일전,캐릭터들이 너무 올드해짐,6,,13,3,,,,,
10,재밋게 잘봤어요 ~,5 일전,재밋게 잘봤어요,10,,8,2,,,,,
10,"진짜 너무재밌습니다
감동도있고 영상도 훌륭합니다",5 일전,진짜 너무재밌습니다 감동도있고 영상도 훌륭합니다,10,,26,5,,,,,
10,하 제시 진짜 너무 좋다…,5 일전,하 제시 진짜 너무 좋다,10,,13,5,,,,,
10,날무한대로 사랑해주는 장난감들 보면서 울기도하고 웃기도하고 감동가득합니다 픽사의 상상력은 항상 감탄합니다 강추,5 일전,날무한대로 사랑해주는 장난감들 보면서 울기도하고 웃기도하고 감동가득합니다 픽사의 상상력은 항상 감탄합니다 강추,10,,61,12,,,,,
10,시대에 맞춰져 진화한 장난감들의 이야기가 재밌어요,5 일전,시대에 맞춰져 진화한 장난감들의 이야기가 재밌어요,10,,27,6,,,,,
8,조금 아쉬운부분도 있지만~ 그런대로 잘 뽑은 느낌~♡,5 일전,조금 아쉬운부분도 있지만 그런대로 잘 뽑은 느낌,8,,26,7,,,,,
10,아이들과 잼있게 관람했습니다,5 일전,아이들과 잼있게 관람했습니다,10,,15,3,,,,,
10,잘봤습니다 감사합니다,5 일전,잘봤습니다 감사합니다,10,,11,2,,,,,
7,무난하게 재밌었습니다~ 따로 할 말은 없네용,5 일전,무난하게 재밌었습니다 따로 할 말은 없네용,7,,23,6,,,,,
10,동심으로 돌아갈 수 있었어요,6 일전,동심으로 돌아갈 수 있었어요,10,,15,4,,,,,
10,아이들과 같이 보기 좋아요~~,6 일전,아이들과 같이 보기 좋아요,10,,14,4,,,,,
10,4보다 재밌음 군더더기 없고 제시가 주인공인 게 탁월한 선택,6 일전,4보다 재밌음 군더더기 없고 제시가 주인공인 게 탁월한 선택,10,,33,9,,,,,
10,"너무 감동적이고 재밌었어요.
특히 버즈군단 너무 재밌고 인상적이었어요.",6 일전,너무 감동적이고 재밌었어요 특히 버즈군단 너무 재밌고 인상적이었어요,10,,37,8,,,,,
10,현시점의 문제점을 다루면서 흥미있는 스토리 전개에 재미있게 관람했습니다,6 일전,현시점의 문제점을 다루면서 흥미있는 스토리 전개에 재미있게 관람했습니다,10,,39,8,,,,,
5,크게 재밌다고 느낄 만큼의 임팩트가 없었다,6 일전,크게 재밌다고 느낄 만큼의 임팩트가 없었다,5,,23,6,,,,,
7,너무너무 재밌는 영화,6 일전,너무너무 재밌는 영화,7,,11,3,,,,,
10,"장난감들에 대한 깊은 향수
동심을 향한 그리움",6 일전,장난감들에 대한 깊은 향수 동심을 향한 그리움,10,,25,7,,,,,
8,어른들의 감성에 꼭 필요한 영화,6 일전,어른들의 감성에 꼭 필요한 영화,8,,17,5,,,,,
10,아휴 5편이나 봤는데 볼때마다 울어요!!,6 일전,아휴 5편이나 봤는데 볼때마다 울어요,10,,20,5,,,,,
10,"도파민이 터지진 않지만, 잔잔하게 밀어닥치는 감동이 있는 영화",6 일전,도파민이 터지진 않지만 잔잔하게 밀어닥치는 감동이 있는 영화,10,,33,8,,,,,
7,우리가 알던 토이스토리 맛,6 일전,우리가 알던 토이스토리 맛,7,,14,4,,,,,
7,이분법적으로 나뉘는게 아니라 화합인게 참 좋았음...따뜻하다,6 일전,이분법적으로 나뉘는게 아니라 화합인게 참 좋았음따뜻하다,7,,30,6,,,,,
10,1분도 지루하지 않은 영화,6 일전,1분도 지루하지 않은 영화,10,,14,4,,,,,
9,어릴때 기억으로 재밌게봤어요,6 일전,어릴때 기억으로 재밌게봤어요,9,,15,3,,,,,
10,추억이 있는 영화라 재미있게 봤습니다,6 일전,추억이 있는 영화라 재미있게 봤습니다,10,,20,5,,,,,
10,영원한 나의 친구 !,6 일전,영원한 나의 친구,10,,9,3,,,,,
10,토이스토리는 사랑입니다 재밌게 잘봤어요,6 일전,토이스토리는 사랑입니다 재밌게 잘봤어요,10,,21,4,,,,,
10,버즈로봇을 사서 조카랑 놀고싶은 기분,6 일전,버즈로봇을 사서 조카랑 놀고싶은 기분,10,,20,5,,,,,
10,지난 감성을 자극하는,6 일전,지난 감성을 자극하는,10,,11,3,,,,,
10,넘넘 감동적이었어요 아이도 어른도 100%감동,6 일전,넘넘 감동적이었어요 아이도 어른도 100감동,10,,24,5,,,,,
10,좋은 색감 좋은 스토리가 인상적이었습니다,6 일전,좋은 색감 좋은 스토리가 인상적이었습니다,10,,22,5,,,,,
10,"추억이 새록새록 피어나는 영화
아이 어른 누구나 기분좋게 관람할 수 있는 영화여서 너무 즐겁게 잘 보고 왔어요",6 일전,추억이 새록새록 피어나는 영화 아이 어른 누구나 기분좋게 관람할 수 있는 영화여서 너무 즐겁게 잘 보고 왔어요,10,,61,17,,,,,
10,역시 토이스토리 최고였습니다!,6 일전,역시 토이스토리 최고였습니다,10,,15,3,,,,,
10,※^.^※ 괜찮았어요.,6 일전,괜찮았어요,10,,5,1,,,,,
10,스토리가 탄탄하고 중간중간 웃긴 요소들이 가득했다,6 일전,스토리가 탄탄하고 중간중간 웃긴 요소들이 가득했다,10,,27,6,,,,,
4,음 어린애들이 보기에는 좋다? 중고딩이 보기에는 노쟘이네요 근데 즁간중간 말하는 유머가 재밋긴햇어요 감동포인트들도 잇엇구,2026.07.20,음 어린애들이 보기에는 좋다 중고딩이 보기에는 노쟘이네요 근데 즁간중간 말하는 유머가 재밋긴햇어요 감동포인트들도 잇엇구,4,2026-07-20,66,14,2026-07-20,2026.0,7.0,20.0,0.0
10,아직 이야깃거리를 남겨뒀었네요,2026.07.20,아직 이야깃거리를 남겨뒀었네요,10,2026-07-20,16,3,2026-07-20,2026.0,7.0,20.0,0.0
10,장난감으로 놀던 동심으로 돌아간느낌,2026.07.20,장난감으로 놀던 동심으로 돌아간느낌,10,2026-07-20,19,4,2026-07-20,2026.0,7.0,20.0,0.0
10,기대이상...유익한영화입니다.,2026.07.20,기대이상유익한영화입니다,10,2026-07-20,12,1,2026-07-20,2026.0,7.0,20.0,0.0
10,어떻게 다섯편 내내 재밌을 수가!!,2026.07.20,어떻게 다섯편 내내 재밌을 수가,10,2026-07-20,17,5,2026-07-20,2026.0,7.0,20.0,0.0
10,재있어요ㅎㅎㅎㅎㅋㅋ,2026.07.20,재있어요ㅎㅎㅎㅎㅋㅋ,10,2026-07-20,10,1,2026-07-20,2026.0,7.0,20.0,0.0
10,보니는 어른이 되어 가는거야. 그 여정에 우리가 도움이 됐다면 우린 할 일을 한 거야,2026.07.20,보니는 어른이 되어 가는거야 그 여정에 우리가 도움이 됐다면 우린 할 일을 한 거야,10,2026-07-20,46,14,2026-07-20,2026.0,7.0,20.0,0.0
10,정말 재밌고 감동적입니다,2026.07.20,정말 재밌고 감동적입니다,10,2026-07-20,13,3,2026-07-20,2026.0,7.0,20.0,0.0
10,"재밌어요 ㅎㅎ

또 보고싶은데 너무 늦게봐서  아쉬움😔
상영관이 별로없는",2026.07.20,재밌어요 ㅎㅎ 또 보고싶은데 너무 늦게봐서 아쉬움 상영관이 별로없는,10,2026-07-20,37,9,2026-07-20,2026.0,7.0,20.0,0.0
10,아이들이 너무 즐거워 했어요,2026.07.20,아이들이 너무 즐거워 했어요,10,2026-07-20,15,4,2026-07-20,2026.0,7.0,20.0,0.0
10,15년만에 영화 보다가 울었어요,2026.07.20,15년만에 영화 보다가 울었어요,10,2026-07-20,17,4,2026-07-20,2026.0,7.0,20.0,0.0
5,그저그렇다 하지만 토이스토리 4가 더 재밌음;,2026.07.20,그저그렇다 하지만 토이스토리 4가 더 재밌음,5,2026-07-20,24,6,2026-07-20,2026.0,7.0,20.0,0.0
10,미국놈들이 영화는 참 잘만들어 ㅋ,2026.07.20,미국놈들이 영화는 참 잘만들어 ㅋ,10,2026-07-20,18,5,2026-07-20,2026.0,7.0,20.0,0.0
10,잘봤어요 넘넘 재미있었어요,2026.07.20,잘봤어요 넘넘 재미있었어요,10,2026-07-20,14,3,2026-07-20,2026.0,7.0,20.0,0.0
10,재미있었고 또 가서 보고싶어요,2026.07.20,재미있었고 또 가서 보고싶어요,10,2026-07-20,16,4,2026-07-20,2026.0,7.0,20.0,0.0
10,여전히 너무 재밋ㅅ다요,2026.07.20,여전히 너무 재밋ㅅ다요,10,2026-07-20,12,3,2026-07-20,2026.0,7.0,20.0,0.0
10,스마티 죽도록 사랑해,2026.07.20,스마티 죽도록 사랑해,10,2026-07-20,11,3,2026-07-20,2026.0,7.0,20.0,0.0
9,"요즘 아이들의 문제점을 재미있게 잘 표현해 주었습니다. 
캐릭터들의 재치있는 연출이 좋았습니다.",2026.07.20,요즘 아이들의 문제점을 재미있게 잘 표현해 주었습니다 캐릭터들의 재치있는 연출이 좋았습니다,9,2026-07-20,50,11,2026-07-20,2026.0,7.0,20.0,0.0
10,결국 장난감은 주인을 행복하게 해주기 위해 존재한다,2026.07.20,결국 장난감은 주인을 행복하게 해주기 위해 존재한다,10,2026-07-20,28,7,2026-07-20,2026.0,7.0,20.0,0.0
10,기대를 저버리지 않는 시리즈네요 ㅎㅎ,2026.07.20,기대를 저버리지 않는 시리즈네요 ㅎㅎ,10,2026-07-20,20,5,2026-07-20,2026.0,7.0,20.0,0.0
10,ㅂㄷㄱㄷ극ㄷㄱㄴㄱㄷㄱㅈㄱㄷ,2026.07.20,ㅂㄷㄱㄷ극ㄷㄱㄴㄱㄷㄱㅈㄱㄷ,10,2026-07-20,14,1,2026-07-20,2026.0,7.0,20.0,0.0
10,5편도 정말 재미있게 봤네요 😂 🤭🥰😘,2026.07.20,5편도 정말 재미있게 봤네요,10,2026-07-20,15,4,2026-07-20,2026.0,7.0,20.0,0.0
10,아이와 봤는데 재밌게 봤습니다.,2026.07.20,아이와 봤는데 재밌게 봤습니다,10,2026-07-20,16,4,2026-07-20,2026.0,7.0,20.0,0.0
10,믿고보는 토이스토리,2026.07.20,믿고보는 토이스토리,10,2026-07-20,10,2,2026-07-20,2026.0,7.0,20.0,0.0
5,전 편 안 보고 와도 크게 이해 안 되는 부분은 없음,2026.07.20,전 편 안 보고 와도 크게 이해 안 되는 부분은 없음,5,2026-07-20,29,11,2026-07-20,2026.0,7.0,20.0,0.0
5,나쁘지도 엄청 잼있지도 않은 그냥 평타영화.,2026.07.20,나쁘지도 엄청 잼있지도 않은 그냥 평타영화,5,2026-07-20,23,6,2026-07-20,2026.0,7.0,20.0,0.0
10,아이들이 재미있게 봤어요.,2026.07.20,아이들이 재미있게 봤어요,10,2026-07-20,13,3,2026-07-20,2026.0,7.0,20.0,0.0
8,동심의 세계로 돌아간듯한 느낌이었다,2026.07.20,동심의 세계로 돌아간듯한 느낌이었다,8,2026-07-20,19,4,2026-07-20,2026.0,7.0,20.0,0.0
10,토이스토리 매니아층은 좋아하실듯,2026.07.20,토이스토리 매니아층은 좋아하실듯,10,2026-07-20,17,3,2026-07-20,2026.0,7.0,20.0,0.0
9,"따뜻한 가족영화
오랜만에 동심으로 돌아가는 느낌이었음",2026.07.20,따뜻한 가족영화 오랜만에 동심으로 돌아가는 느낌이었음,9,2026-07-20,29,6,2026-07-20,2026.0,7.0,20.0,0.0
8,1~3편만큼은 아니어도 여전히 재밌어요.,2026.07.20,13편만큼은 아니어도 여전히 재밌어요,8,2026-07-20,20,4,2026-07-20,2026.0,7.0,20.0,0.0
7,다 보는데 조오금 지루하지만 생각없이 보면 재밌음,2026.07.20,다 보는데 조오금 지루하지만 생각없이 보면 재밌음,7,2026-07-20,27,7,2026-07-20,2026.0,7.0,20.0,0.0
10,영화 재미있습니다.,2026.07.20,영화 재미있습니다,10,2026-07-20,9,2,2026-07-20,2026.0,7.0,20.0,0.0
8,딸하고 같이 봤지만 스도리가 너무 재미있음^^,2026.07.20,딸하고 같이 봤지만 스도리가 너무 재미있음,8,2026-07-20,23,6,2026-07-20,2026.0,7.0,20.0,0.0
8,이제는 어른들의 애니메이션,2026.07.19,이제는 어른들의 애니메이션,8,2026-07-19,14,3,2026-07-19,2026.0,7.0,19.0,6.0
10,귀엽고 웃겨서 나이 불문하고 재밌어요,2026.07.19,귀엽고 웃겨서 나이 불문하고 재밌어요,10,2026-07-19,20,5,2026-07-19,2026.0,7.0,19.0,6.0
8,4편까지는 넘 좋았는데 ...이제 그만 나와도 될것같기도하고...,2026.07.19,4편까지는 넘 좋았는데 이제 그만 나와도 될것같기도하고,8,2026-07-19,30,7,2026-07-19,2026.0,7.0,19.0,6.0
8,추억으로 봣어요 ㅎㅎㅎ,2026.07.19,추억으로 봣어요 ㅎㅎㅎ,8,2026-07-19,12,3,2026-07-19,2026.0,7.0,19.0,6.0
8,ㅠㅠ어른이되어도 변함없이 좋다,2026.07.19,ㅠㅠ어른이되어도 변함없이 좋다,8,2026-07-19,16,3,2026-07-19,2026.0,7.0,19.0,6.0
10,흥미롭게 관람하여 대체로 만족합니다.,2026.07.19,흥미롭게 관람하여 대체로 만족합니다,10,2026-07-19,19,4,2026-07-19,2026.0,7.0,19.0,6.0
5,그냥 그랬다 딸은 좀 감동인데 별로 감흥이 없다,2026.07.19,그냥 그랬다 딸은 좀 감동인데 별로 감흥이 없다,5,2026-07-19,26,8,2026-07-19,2026.0,7.0,19.0,6.0
6,아는 맛 익숙한 맛 보장된 맛,2026.07.19,아는 맛 익숙한 맛 보장된 맛,6,2026-07-19,16,6,2026-07-19,2026.0,7.0,19.0,6.0
8,배불뚝이 아저씨가 된 우디와 함께 어른이 된 우리들,2026.07.19,배불뚝이 아저씨가 된 우디와 함께 어른이 된 우리들,8,2026-07-19,28,8,2026-07-19,2026.0,7.0,19.0,6.0
10,갑자기 장난감이 소중해지는 영화예요.,2026.07.19,갑자기 장난감이 소중해지는 영화예요,10,2026-07-19,19,4,2026-07-19,2026.0,7.0,19.0,6.0
10,"재미있었습니다.
스마트 시대 장난감에도 격차가 존재하는 걸
잘 풀어내며 표현했어요!
생각하게 되는 주제네요",2026.07.19,재미있었습니다 스마트 시대 장난감에도 격차가 존재하는 걸 잘 풀어내며 표현했어요 생각하게 되는 주제네요,10,2026-07-19,57,13,2026-07-19,2026.0,7.0,19.0,6.0
10,"너무  재밌었어요
아이들 패드 때문에 문제가 많은데 생각할거리가 많은 영화였어요",2026.07.19,너무 재밌었어요 아이들 패드 때문에 문제가 많은데 생각할거리가 많은 영화였어요,10,2026-07-19,43,10,2026-07-19,2026.0,7.0,19.0,6.0
8,흥미롭게 잘 보았습니다 ^^,2026.07.19,흥미롭게 잘 보았습니다,8,2026-07-19,12,3,2026-07-19,2026.0,7.0,19.0,6.0
10,간만에 동심의 세계로 돌아가서 행복했어요.,2026.07.19,간만에 동심의 세계로 돌아가서 행복했어요,10,2026-07-19,22,5,2026-07-19,2026.0,7.0,19.0,6.0
9,재밌게 잘 보았습니다!,2026.07.19,재밌게 잘 보았습니다,9,2026-07-19,11,3,2026-07-19,2026.0,7.0,19.0,6.0
10,태어났을 때부터 봤던 토이스토리를 보다가 울었네요. 정말 좋은 영화입니다. 강추,2026.07.19,태어났을 때부터 봤던 토이스토리를 보다가 울었네요 정말 좋은 영화입니다 강추,10,2026-07-19,42,10,2026-07-19,2026.0,7.0,19.0,6.0
10,생각보다 잼있네요.,2026.07.19,생각보다 잼있네요,10,2026-07-19,9,2,2026-07-19,2026.0,7.0,19.0,6.0
10,너무너무 재밌었어오,2026.07.19,너무너무 재밌었어오,10,2026-07-19,10,2,2026-07-19,2026.0,7.0,19.0,6.0
8,레트로 감상을 느끼게 해주네요 근데 주인공이 바껴서 그런지 저는 4편이 더 재밌었어요,2026.07.19,레트로 감상을 느끼게 해주네요 근데 주인공이 바껴서 그런지 저는 4편이 더 재밌었어요,8,2026-07-19,47,12,2026-07-19,2026.0,7.0,19.0,6.0
10,토이스토리 재밌습니다,2026.07.19,토이스토리 재밌습니다,10,2026-07-19,11,2,2026-07-19,2026.0,7.0,19.0,6.0
10,우리의 과거. 꿈. 동심.,2026.07.19,우리의 과거 꿈 동심,10,2026-07-19,11,4,2026-07-19,2026.0,7.0,19.0,6.0
10,아이들과 봤는데 제가 더 재밌게 본 것 같아요~ 스토리도 의미가 있어서 좋았습니다.,2026.07.19,아이들과 봤는데 제가 더 재밌게 본 것 같아요 스토리도 의미가 있어서 좋았습니다,10,2026-07-19,44,12,2026-07-19,2026.0,7.0,19.0,6.0
7,기대했던거 보다는 나쁘지 않았어요,2026.07.19,기대했던거 보다는 나쁘지 않았어요,7,2026-07-19,18,4,2026-07-19,2026.0,7.0,19.0,6.0
10,아이들과 함께보기 좋았어료,2026.07.19,아이들과 함께보기 좋았어료,10,2026-07-19,14,3,2026-07-19,2026.0,7.0,19.0,6.0
10,스토리 재밌고 마지막엔 감동~~~ 토이스토리는 언제 봐도 굿굿!!,2026.07.19,스토리 재밌고 마지막엔 감동 토이스토리는 언제 봐도 굿굿,10,2026-07-19,31,8,2026-07-19,2026.0,7.0,19.0,6.0
10,재밌었어요잘봤습니당 ㅋㅋㅋ ㅎㅎ,2026.07.19,재밌었어요잘봤습니당 ㅋㅋㅋ ㅎㅎ,10,2026-07-19,17,3,2026-07-19,2026.0,7.0,19.0,6.0
10,재밌게봤어요 ㅋㅋㅋ ㅎㅎ,2026.07.19,재밌게봤어요 ㅋㅋㅋ ㅎㅎ,10,2026-07-19,13,3,2026-07-19,2026.0,7.0,19.0,6.0
10,너무너무 재밌게 봤어요,2026.07.19,너무너무 재밌게 봤어요,10,2026-07-19,12,3,2026-07-19,2026.0,7.0,19.0,6.0
10,항상 보는영화 재밌어용,2026.07.19,항상 보는영화 재밌어용,10,2026-07-19,12,3,2026-07-19,2026.0,7.0,19.0,6.0
7,토이스토리라는 컨셉 자체가 지겹긴 했는데 스토리가 그나마 신선했다,2026.07.19,토이스토리라는 컨셉 자체가 지겹긴 했는데 스토리가 그나마 신선했다,7,2026-07-19,36,8,2026-07-19,2026.0,7.0,19.0,6.0
10,감동과 재미를 동시에 주는 영화,2026.07.19,감동과 재미를 동시에 주는 영화,10,2026-07-19,17,5,2026-07-19,2026.0,7.0,19.0,6.0
10,"오랫만에
동심을 느꼈습니다",2026.07.19,오랫만에 동심을 느꼈습니다,10,2026-07-19,14,3,2026-07-19,2026.0,7.0,19.0,6.0
7,전작에 비해서는 그냥 그럭인데 내용이 좋았음,2026.07.19,전작에 비해서는 그냥 그럭인데 내용이 좋았음,7,2026-07-19,24,6,2026-07-19,2026.0,7.0,19.0,6.0
10,재밌음. 아이들이 좋아함,2026.07.19,재밌음 아이들이 좋아함,10,2026-07-19,12,3,2026-07-19,2026.0,7.0,19.0,6.0
10,인생 추억의 토이스토리 너무 좋네요,2026.07.19,인생 추억의 토이스토리 너무 좋네요,10,2026-07-19,19,5,2026-07-19,2026.0,7.0,19.0,6.0
10,"메간박스 화이팅 죽지마!!
When she was love me   everything was beautiful ~",2026.07.19,메간박스 화이팅 죽지마 When she was love me everything was beautiful,10,2026-07-19,58,11,2026-07-19,2026.0,7.0,19.0,6.0
8,"아이들에게 교훈도 주고, 상상력을 키워주는",2026.07.19,아이들에게 교훈도 주고 상상력을 키워주는,8,2026-07-19,22,5,2026-07-19,2026.0,7.0,19.0,6.0
10,더빙이 자연스럽고 재밌게 잘봤습니다 4보다 더 재밌었습니다,2026.07.19,더빙이 자연스럽고 재밌게 잘봤습니다 4보다 더 재밌었습니다,10,2026-07-19,32,7,2026-07-19,2026.0,7.0,19.0,6.0
10,날 다시 돌아보게 만드는 마법같은 이야기...,2026.07.19,날 다시 돌아보게 만드는 마법같은 이야기,10,2026-07-19,22,6,2026-07-19,2026.0,7.0,19.0,6.0
10,"아무 기대 없이 봤는데, 제미 있어요",2026.07.19,아무 기대 없이 봤는데 제미 있어요,10,2026-07-19,19,6,2026-07-19,2026.0,7.0,19.0,6.0
10,배나오고 머리 벗겨진 우디가 낯설긴하지만 그래도 나와 함께 나이든거 같아서 정겹네요^^,2026.07.19,배나오고 머리 벗겨진 우디가 낯설긴하지만 그래도 나와 함께 나이든거 같아서 정겹네요,10,2026-07-19,46,11,2026-07-19,2026.0,7.0,19.0,6.0
10,스토리상 매칭이 잘되고 재미있었어요.,2026.07.19,스토리상 매칭이 잘되고 재미있었어요,10,2026-07-19,19,4,2026-07-19,2026.0,7.0,19.0,6.0
10,스토리가 넘 재미났어요~,2026.07.19,스토리가 넘 재미났어요,10,2026-07-19,12,3,2026-07-19,2026.0,7.0,19.0,6.0
6,토이스토리 토이스토리,2026.07.19,토이스토리 토이스토리,6,2026-07-19,11,2,2026-07-19,2026.0,7.0,19.0,6.0
10,믿고보는 디즈니 토이 스토리,2026.07.19,믿고보는 디즈니 토이 스토리,10,2026-07-19,15,4,2026-07-19,2026.0,7.0,19.0,6.0
10,너무 재밌었어요 가족영화입니다,2026.07.19,너무 재밌었어요 가족영화입니다,10,2026-07-19,16,3,2026-07-19,2026.0,7.0,19.0,6.0
9,"생각보다 재미 있어요~
토이스토리 1부터 쭉 봐왔던 사람입니다. 
재미있어요. 볼만합니다.",2026.07.19,생각보다 재미 있어요 토이스토리 1부터 쭉 봐왔던 사람입니다 재미있어요 볼만합니다,9,2026-07-19,45,10,2026-07-19,2026.0,7.0,19.0,6.0
10,역시 토이스토리네요,2026.07.19,역시 토이스토리네요,10,2026-07-19,10,2,2026-07-19,2026.0,7.0,19.0,6.0
10,토이스토리 재미있습니다,2026.07.19,토이스토리 재미있습니다,10,2026-07-19,12,2,2026-07-19,2026.0,7.0,19.0,6.0
10,말모 감동이었어요. 넘 재밌어여,2026.07.19,말모 감동이었어요 넘 재밌어여,10,2026-07-19,16,4,2026-07-19,2026.0,7.0,19.0,6.0
9,"아이들이 전자기기(아이패드 등)에 중독되니 장난감을 가지고 놀지 않게 되고, 친구들과 만나도 전자기기만 보는 상황을 잘 표현함. 도서 나이키의 상대는 닌텐도다가 떠올랐습니다.",2026.07.19,아이들이 전자기기아이패드 등에 중독되니 장난감을 가지고 놀지 않게 되고 친구들과 만나도 전자기기만 보는 상황을 잘 표현함 도서 나이키의 상대는 닌텐도다가 떠올랐습니다,9,2026-07-19,92,21,2026-07-19,2026.0,7.0,19.0,6.0
10,여전히 감동적이고 재밌었어요,2026.07.19,여전히 감동적이고 재밌었어요,10,2026-07-19,15,3,2026-07-19,2026.0,7.0,19.0,6.0
10,아이들이 재미있게 봤어요~^^,2026.07.19,아이들이 재미있게 봤어요,10,2026-07-19,13,3,2026-07-19,2026.0,7.0,19.0,6.0
10,와우 버즈 신형 모델 어디서 살수 있나요?,2026.07.19,와우 버즈 신형 모델 어디서 살수 있나요,10,2026-07-19,22,7,2026-07-19,2026.0,7.0,19.0,6.0
10,아이랑 재미있게 관람하였습니다,2026.07.19,아이랑 재미있게 관람하였습니다,10,2026-07-19,16,3,2026-07-19,2026.0,7.0,19.0,6.0
10,간만에 유쾌한 동심의 시간이됐네요,2026.07.19,간만에 유쾌한 동심의 시간이됐네요,10,2026-07-19,18,4,2026-07-19,2026.0,7.0,19.0,6.0
10,현실 반영을 너무 잘해서 역시… 토이스토리 했다! 아이들은 느끼지 못하고 노잼이였다고 한게 흠…🥲,2026.07.19,현실 반영을 너무 잘해서 역시 토이스토리 했다 아이들은 느끼지 못하고 노잼이였다고 한게 흠,10,2026-07-19,50,13,2026-07-19,2026.0,7.0,19.0,6.0
7,동심으로 돌아갔지만 전편들보다 아쉬워요,2026.07.19,동심으로 돌아갔지만 전편들보다 아쉬워요,7,2026-07-19,21,4,2026-07-19,2026.0,7.0,19.0,6.0
10,역시 토이 스토리 👍  내 인생 영화 딸과 함께 할 수 있어 너무 감사 했어요~ 감동 받고 울었네요,2026.07.19,역시 토이 스토리 내 인생 영화 딸과 함께 할 수 있어 너무 감사 했어요 감동 받고 울었네요,10,2026-07-19,51,17,2026-07-19,2026.0,7.0,19.0,6.0
10,어린시절과 지금 당장 내 방 인형들 장난감들을 한번 더 살펴보게됐다 어른이 된 지금도 미디어만 바라보며 남들의 관심을 사고 받길 원하는 삶은 아닌가 뒤돌아보게 한다,2026.07.19,어린시절과 지금 당장 내 방 인형들 장난감들을 한번 더 살펴보게됐다 어른이 된 지금도 미디어만 바라보며 남들의 관심을 사고 받길 원하는 삶은 아닌가 뒤돌아보게 한다,10,2026-07-19,91,24,2026-07-19,2026.0,7.0,19.0,6.0
10,어른이 봐도 재미있는 영화,2026.07.19,어른이 봐도 재미있는 영화,10,2026-07-19,14,4,2026-07-19,2026.0,7.0,19.0,6.0
10,"4편에 실망해서 별 기대안하고 봤는데 가슴 찡 포인트있구,, 좋아요.. 추천추천d(^_^o)",2026.07.19,4편에 실망해서 별 기대안하고 봤는데 가슴 찡 포인트있구 좋아요 추천추천d_o,10,2026-07-19,43,10,2026-07-19,2026.0,7.0,19.0,6.0
10,"5까지 나오면서 모든 편이 다 재밌긴 힘든데 역시ㅠㅠ  개인적으론 1,5 가 제일 재미있었다. 어른이 봐도 아이들이
봐도 정말 재밌고 좋은 영화.",2026.07.19,5까지 나오면서 모든 편이 다 재밌긴 힘든데 역시ㅠㅠ 개인적으론 15 가 제일 재미있었다 어른이 봐도 아이들이 봐도 정말 재밌고 좋은 영화,10,2026-07-19,77,21,2026-07-19,2026.0,7.0,19.0,6.0
8,무난하게보았슴……….,2026.07.19,무난하게보았슴,8,2026-07-19,7,1,2026-07-19,2026.0,7.0,19.0,6.0
8,전편 안보고 봐도 문제없었고 동심으로 돌아갈 수 있어 굿굿,2026.07.19,전편 안보고 봐도 문제없었고 동심으로 돌아갈 수 있어 굿굿,8,2026-07-19,32,9,2026-07-19,2026.0,7.0,19.0,6.0
10,5를 이어나갈수 있을까?,2026.07.19,5를 이어나갈수 있을까,10,2026-07-19,12,3,2026-07-19,2026.0,7.0,19.0,6.0
10,너무 재밌고 감동적이다!!,2026.07.19,너무 재밌고 감동적이다,10,2026-07-19,12,3,2026-07-19,2026.0,7.0,19.0,6.0
10,여전히 함께였던 친구! 눈물 흘렸다ㅠㅠ,2026.07.19,여전히 함께였던 친구 눈물 흘렸다ㅠㅠ,10,2026-07-19,20,5,2026-07-19,2026.0,7.0,19.0,6.0
10,제시가 최애로서는 내 인생영화,2026.07.19,제시가 최애로서는 내 인생영화,10,2026-07-19,16,4,2026-07-19,2026.0,7.0,19.0,6.0
10,역시 토이스토리 입니다,2026.07.19,역시 토이스토리 입니다,10,2026-07-19,12,3,2026-07-19,2026.0,7.0,19.0,6.0
7,토이스토리가 주는 감동,2026.07.18,토이스토리가 주는 감동,7,2026-07-18,12,3,2026-07-18,2026.0,7.0,18.0,5.0
8,토이스토리 시리즈가 보장하는 재미,2026.07.18,토이스토리 시리즈가 보장하는 재미,8,2026-07-18,18,4,2026-07-18,2026.0,7.0,18.0,5.0
10,굿굿 아이도 어른도 재밌게 잘 봤어요,2026.07.18,굿굿 아이도 어른도 재밌게 잘 봤어요,10,2026-07-18,20,6,2026-07-18,2026.0,7.0,18.0,5.0
7,재밌어요 클래식한 맛이 좀 사라져서 슬퍼요,2026.07.18,재밌어요 클래식한 맛이 좀 사라져서 슬퍼요,7,2026-07-18,23,6,2026-07-18,2026.0,7.0,18.0,5.0
10,"제시, 보니, 나 이렇게 셋은 최고의 친구임ㅠㅠ",2026.07.18,제시 보니 나 이렇게 셋은 최고의 친구임ㅠㅠ,10,2026-07-18,24,7,2026-07-18,2026.0,7.0,18.0,5.0
10,초6 아이가 너무 재미께 보았다네요 저는 아빠라 쏘쏘,2026.07.18,초6 아이가 너무 재미께 보았다네요 저는 아빠라 쏘쏘,10,2026-07-18,29,8,2026-07-18,2026.0,7.0,18.0,5.0
10,전자기기와 장난감의 콜라보! 시의성과 재미 그리고 교훈이 담긴 영화,2026.07.18,전자기기와 장난감의 콜라보 시의성과 재미 그리고 교훈이 담긴 영화,10,2026-07-18,36,9,2026-07-18,2026.0,7.0,18.0,5.0
10,애들이 너무 즐겁게봐요,2026.07.18,애들이 너무 즐겁게봐요,10,2026-07-18,12,3,2026-07-18,2026.0,7.0,18.0,5.0
10,너무 재밌었고 신규 쿠폰 덕분에 5천 원으로 너무 재밌게 봤음,2026.07.18,너무 재밌었고 신규 쿠폰 덕분에 5천 원으로 너무 재밌게 봤음,10,2026-07-18,34,10,2026-07-18,2026.0,7.0,18.0,5.0
10,토이스토리는 나올때마다 꼭 보러가요,2026.07.18,토이스토리는 나올때마다 꼭 보러가요,10,2026-07-18,19,4,2026-07-18,2026.0,7.0,18.0,5.0
8,버즈군단이 왜 나온건지는 모르겠지만 그래도 토이스토리 친구들 봐서 좋았음,2026.07.18,버즈군단이 왜 나온건지는 모르겠지만 그래도 토이스토리 친구들 봐서 좋았음,8,2026-07-18,40,9,2026-07-18,2026.0,7.0,18.0,5.0
10,아주 좋아 베리 둣,2026.07.18,아주 좋아 베리 둣,10,2026-07-18,10,4,2026-07-18,2026.0,7.0,18.0,5.0
10,주인이 바뀌고 세대가 바뀌어도 여전히 사랑스러운 토이들,2026.07.18,주인이 바뀌고 세대가 바뀌어도 여전히 사랑스러운 토이들,10,2026-07-18,30,7,2026-07-18,2026.0,7.0,18.0,5.0
10,넘 잼있었어요 추억이 아롱다롱 새록새록 엄지척,2026.07.18,넘 잼있었어요 추억이 아롱다롱 새록새록 엄지척,10,2026-07-18,25,6,2026-07-18,2026.0,7.0,18.0,5.0
10,아이가 너무 좋아했어요,2026.07.18,아이가 너무 좋아했어요,10,2026-07-18,12,3,2026-07-18,2026.0,7.0,18.0,5.0
10,Star-! Commander-!,2026.07.18,Star Commander,10,2026-07-18,14,2,2026-07-18,2026.0,7.0,18.0,5.0
10,우리이야기같아서 감동이었다,2026.07.18,우리이야기같아서 감동이었다,10,2026-07-18,14,2,2026-07-18,2026.0,7.0,18.0,5.0
2,대구세븐벨리점 18:10영화 로비는 더워도 이해했는데 상영은 이럴꺼면 왜하나요 쾌적한곳에서 시원하게 영화보려가족온건데 찜통 영화보다 뛰쳐나가지고 못하고 아이들도 덥다고 환불하려다,2026.07.18,대구세븐벨리점 1810영화 로비는 더워도 이해했는데 상영은 이럴꺼면 왜하나요 쾌적한곳에서 시원하게 영화보려가족온건데 찜통 영화보다 뛰쳐나가지고 못하고 아이들도 덥다고 환불하려다,2,2026-07-18,98,18,2026-07-18,2026.0,7.0,18.0,5.0
10,너무 재밌어 완전 ㅋㅋㅋ,2026.07.18,너무 재밌어 완전 ㅋㅋㅋ,10,2026-07-18,13,4,2026-07-18,2026.0,7.0,18.0,5.0
10,인생영화… 역대 토이스토리중 가장 좋앗어요,2026.07.18,인생영화 역대 토이스토리중 가장 좋앗어요,10,2026-07-18,22,5,2026-07-18,2026.0,7.0,18.0,5.0
10,넘 재미임ㅅ어요 빨리 다음먀뉴,2026.07.18,넘 재미임ㅅ어요 빨리 다음먀뉴,10,2026-07-18,16,4,2026-07-18,2026.0,7.0,18.0,5.0
8,나쁘지는 않은 소소 정도.. 장난감의 시대가 끝나간다는 것이 실감나더군요,2026.07.18,나쁘지는 않은 소소 정도 장난감의 시대가 끝나간다는 것이 실감나더군요,8,2026-07-18,38,9,2026-07-18,2026.0,7.0,18.0,5.0
9,장난감들의 개인정보 탈취 무서워요...,2026.07.18,장난감들의 개인정보 탈취 무서워요,9,2026-07-18,18,4,2026-07-18,2026.0,7.0,18.0,5.0
7,20년이 지나서도 감동을 주다니,2026.07.18,20년이 지나서도 감동을 주다니,7,2026-07-18,17,4,2026-07-18,2026.0,7.0,18.0,5.0
10,동심으로 돌아간 기분입니다,2026.07.18,동심으로 돌아간 기분입니다,10,2026-07-18,14,3,2026-07-18,2026.0,7.0,18.0,5.0
10,아이들도 재미있게보고 저도 오랜만에 장난감을 보면서 추억했어요~즐거운시간이였습니다,2026.07.18,아이들도 재미있게보고 저도 오랜만에 장난감을 보면서 추억했어요즐거운시간이였습니다,10,2026-07-18,44,7,2026-07-18,2026.0,7.0,18.0,5.0
10,영상도 너무좋고 스토리도 끝내줍니다,2026.07.18,영상도 너무좋고 스토리도 끝내줍니다,10,2026-07-18,19,4,2026-07-18,2026.0,7.0,18.0,5.0
10,재미있었어요. 좋습니다.,2026.07.18,재미있었어요 좋습니다,10,2026-07-18,11,2,2026-07-18,2026.0,7.0,18.0,5.0
10,너무 감동적이었습니다.,2026.07.18,너무 감동적이었습니다,10,2026-07-18,11,2,2026-07-18,2026.0,7.0,18.0,5.0
10,인형놀이 하며 놀았던 추억이 디지털로 바뀌어갔다는게 새삼 와닿았어요. 개인적으론 슬프기도 했네요ㅠ,2026.07.18,인형놀이 하며 놀았던 추억이 디지털로 바뀌어갔다는게 새삼 와닿았어요 개인적으론 슬프기도 했네요ㅠ,10,2026-07-18,53,11,2026-07-18,2026.0,7.0,18.0,5.0
8,현 시대 어린이들의 삶과 고뇌가 잘 어울어진 작품,2026.07.18,현 시대 어린이들의 삶과 고뇌가 잘 어울어진 작품,8,2026-07-18,27,8,2026-07-18,2026.0,7.0,18.0,5.0
10,슬프다는 평을 듣고 갔는데 완전 코미디,2026.07.18,슬프다는 평을 듣고 갔는데 완전 코미디,10,2026-07-18,21,6,2026-07-18,2026.0,7.0,18.0,5.0
10,동심으로 돌아간 느낌이었어요,2026.07.18,동심으로 돌아간 느낌이었어요,10,2026-07-18,15,3,2026-07-18,2026.0,7.0,18.0,5.0
10,"영화 퀄리티에 감탄했어요. 뒷자리 꼬마 관객, 좌석을 손으로 당기고, 수 초에 한 번씩 발로 차고 해서 다소 거슬렸지만, 발이 잘 안 닿아 불편하겠거니 하고 참았습니다.",2026.07.18,영화 퀄리티에 감탄했어요 뒷자리 꼬마 관객 좌석을 손으로 당기고 수 초에 한 번씩 발로 차고 해서 다소 거슬렸지만 발이 잘 안 닿아 불편하겠거니 하고 참았습니다,10,2026-07-18,89,25,2026-07-18,2026.0,7.0,18.0,5.0
10,이번시즌은 정말 시나리오를 위해 노력한게 보일정도로 감동 그 자체 😭😭😭,2026.07.18,이번시즌은 정말 시나리오를 위해 노력한게 보일정도로 감동 그 자체,10,2026-07-18,36,9,2026-07-18,2026.0,7.0,18.0,5.0
10,진짜 오랜만에 재밌는 영화였어요 전달하려는 메시지도 좋고 연출 스토리 다 좋았어요,2026.07.18,진짜 오랜만에 재밌는 영화였어요 전달하려는 메시지도 좋고 연출 스토리 다 좋았어요,10,2026-07-18,45,11,2026-07-18,2026.0,7.0,18.0,5.0
10,다시금 나의 동심을 불러 일으켜준 영화,2026.07.18,다시금 나의 동심을 불러 일으켜준 영화,10,2026-07-18,21,6,2026-07-18,2026.0,7.0,18.0,5.0
6,기대보다는 별로였네요 ㅠㅠ 너무 기대했나봅니다,2026.07.18,기대보다는 별로였네요 ㅠㅠ 너무 기대했나봅니다,6,2026-07-18,25,5,2026-07-18,2026.0,7.0,18.0,5.0
10,토이스토리는 영원해♡,2026.07.18,토이스토리는 영원해,10,2026-07-18,10,2,2026-07-18,2026.0,7.0,18.0,5.0
10,오랜만에 온 가족이 옛추억을 되새기며 재밌게.봤습니다.,2026.07.18,오랜만에 온 가족이 옛추억을 되새기며 재밌게봤습니다,10,2026-07-18,28,6,2026-07-18,2026.0,7.0,18.0,5.0
8,스토리의 주제는 예전 작과 유사했으나 아이들이 점점 장난감과 함께 꿈꾸는 시대가 가고 디지털에 익숙한 세상에 살고 있다는 점에서 씁쓸한 기분이 들었다,2026.07.18,스토리의 주제는 예전 작과 유사했으나 아이들이 점점 장난감과 함께 꿈꾸는 시대가 가고 디지털에 익숙한 세상에 살고 있다는 점에서 씁쓸한 기분이 들었다,8,2026-07-18,83,21,2026-07-18,2026.0,7.0,18.0,5.0
7,"AI의 폐해 그러나 아날로그의 감성이 승 리한다
역시 아날로그다 인간미는ᆢ",2026.07.18,AI의 폐해 그러나 아날로그의 감성이 승 리한다 역시 아날로그다 인간미는ᆢ,7,2026-07-18,41,10,2026-07-18,2026.0,7.0,18.0,5.0
8,전작들에 비해서는 아쉽지만 토이스토리 특유의 순수하고 잔잔한 감성이 좋다,2026.07.18,전작들에 비해서는 아쉽지만 토이스토리 특유의 순수하고 잔잔한 감성이 좋다,8,2026-07-18,40,9,2026-07-18,2026.0,7.0,18.0,5.0
10,아이들이랑 관람했는데 너무 재미있게 봤어요,2026.07.18,아이들이랑 관람했는데 너무 재미있게 봤어요,10,2026-07-18,23,5,2026-07-18,2026.0,7.0,18.0,5.0
10,또 보고 싶어요 귀요미!!,2026.07.18,또 보고 싶어요 귀요미,10,2026-07-18,12,4,2026-07-18,2026.0,7.0,18.0,5.0
10,오랜만에 토이스토리 시리즈 보는데 재밌어요,2026.07.18,오랜만에 토이스토리 시리즈 보는데 재밌어요,10,2026-07-18,23,5,2026-07-18,2026.0,7.0,18.0,5.0
10,아이들이 재밌다고 좋아하네요^^,2026.07.18,아이들이 재밌다고 좋아하네요,10,2026-07-18,15,3,2026-07-18,2026.0,7.0,18.0,5.0
10,"아이와 함께 봤는데, 아이도 재밌다고 하고 가족영화로 추천합니다",2026.07.18,아이와 함께 봤는데 아이도 재밌다고 하고 가족영화로 추천합니다,10,2026-07-18,34,8,2026-07-18,2026.0,7.0,18.0,5.0
8,첫째가 봤는데 아무런 얘기가 없응,2026.07.18,첫째가 봤는데 아무런 얘기가 없응,8,2026-07-18,18,5,2026-07-18,2026.0,7.0,18.0,5.0
8,장난감들의 삶을 보여주는 영화,2026.07.18,장난감들의 삶을 보여주는 영화,8,2026-07-18,16,4,2026-07-18,2026.0,7.0,18.0,5.0
10,감동...이 밀려와요. 아름다운 이야기였어요... 토이스토리에는 감동이 있다.,2026.07.18,감동이 밀려와요 아름다운 이야기였어요 토이스토리에는 감동이 있다,10,2026-07-18,35,7,2026-07-18,2026.0,7.0,18.0,5.0
10,"역시 디즈니,,, 동심을 다시 친구랑 찾앗어요 짱짱 맨 6도 나와랏",2026.07.18,역시 디즈니 동심을 다시 친구랑 찾앗어요 짱짱 맨 6도 나와랏,10,2026-07-18,34,10,2026-07-18,2026.0,7.0,18.0,5.0
10,손녀와 같이 두번이나 보았습니다. 전자기기에 밀려 장난감이 홀대받는 시대상에 울림이 있었습니다,2026.07.18,손녀와 같이 두번이나 보았습니다 전자기기에 밀려 장난감이 홀대받는 시대상에 울림이 있었습니다,10,2026-07-18,51,11,2026-07-18,2026.0,7.0,18.0,5.0
10,역시 토이스토리~^^,2026.07.18,역시 토이스토리,10,2026-07-18,8,2,2026-07-18,2026.0,7.0,18.0,5.0
10,"초4 아들이 보고싶다고해서 기대없이 봤다가 넘 재밌게 봤네요 ㅎ 스토리도 좋고, 중1 아들이랑 아빠도 꼭 보라고 등떠밀었습니다~ 자녀들이랑 함께 보세요~^^",2026.07.18,초4 아들이 보고싶다고해서 기대없이 봤다가 넘 재밌게 봤네요 ㅎ 스토리도 좋고 중1 아들이랑 아빠도 꼭 보라고 등떠밀었습니다 자녀들이랑 함께 보세요,10,2026-07-18,82,20,2026-07-18,2026.0,7.0,18.0,5.0
10,"토이스토리 월드에 끝이란 없다. 언제봐도 즐겁고, 언제봐도 신나고, 언제봐듀 새로운..우리의 토이스토리!! 고마워, 다시 돌아와줘서...",2026.07.18,토이스토리 월드에 끝이란 없다 언제봐도 즐겁고 언제봐도 신나고 언제봐듀 새로운우리의 토이스토리 고마워 다시 돌아와줘서,10,2026-07-18,65,14,2026-07-18,2026.0,7.0,18.0,5.0
10,특히 아이들이 재미있어하네요. 같이본 저도 재미있게 봤어요.,2026.07.18,특히 아이들이 재미있어하네요 같이본 저도 재미있게 봤어요,10,2026-07-18,31,7,2026-07-18,2026.0,7.0,18.0,5.0
10,재미지다 토이스토리 파이브!,2026.07.18,재미지다 토이스토리 파이브,10,2026-07-18,14,3,2026-07-18,2026.0,7.0,18.0,5.0
10,이전 시리즈 못보고 봤는데 아이도 저도 재밌었어요,2026.07.18,이전 시리즈 못보고 봤는데 아이도 저도 재밌었어요,10,2026-07-18,27,7,2026-07-18,2026.0,7.0,18.0,5.0
10,아이들과 다같이 봤는데 재밌었어요ㅎㅎ,2026.07.18,아이들과 다같이 봤는데 재밌었어요ㅎㅎ,10,2026-07-18,20,4,2026-07-18,2026.0,7.0,18.0,5.0
10,진짜 감동 그자체였습니다,2026.07.18,진짜 감동 그자체였습니다,10,2026-07-18,13,3,2026-07-18,2026.0,7.0,18.0,5.0
10,"스토리가 좋았어요.
아이와 함께 보기 너무 좋았어요",2026.07.18,스토리가 좋았어요 아이와 함께 보기 너무 좋았어요,10,2026-07-18,27,7,2026-07-18,2026.0,7.0,18.0,5.0
10,딸과 친구들이 완전 재밋다네요^^,2026.07.18,딸과 친구들이 완전 재밋다네요,10,2026-07-18,16,4,2026-07-18,2026.0,7.0,18.0,5.0
10,애들이 잘보고 재미있어요,2026.07.18,애들이 잘보고 재미있어요,10,2026-07-18,13,3,2026-07-18,2026.0,7.0,18.0,5.0
10,아이들이 너무 재밌게 봤다고 해요.,2026.07.18,아이들이 너무 재밌게 봤다고 해요,10,2026-07-18,18,5,2026-07-18,2026.0,7.0,18.0,5.0
10,토이스토리 전편 시리즈 보다 훨씬 더 재밌는 거 같아요 요즘 시대에 딱 맞게 전자기기가 나와서 친구 사귀는 게 어려웠다가 놀이로 친구 다시 친구 생겨서 감동을 받았습니다,2026.07.18,토이스토리 전편 시리즈 보다 훨씬 더 재밌는 거 같아요 요즘 시대에 딱 맞게 전자기기가 나와서 친구 사귀는 게 어려웠다가 놀이로 친구 다시 친구 생겨서 감동을 받았습니다,10,2026-07-18,94,26,2026-07-18,2026.0,7.0,18.0,5.0
10,감동적인 스토리예요 아이랑 재밌게 봤어요,2026.07.18,감동적인 스토리예요 아이랑 재밌게 봤어요,10,2026-07-18,22,5,2026-07-18,2026.0,7.0,18.0,5.0
10,시대성을 반영하는 명작이네요,2026.07.18,시대성을 반영하는 명작이네요,10,2026-07-18,15,3,2026-07-18,2026.0,7.0,18.0,5.0
10,아이와 처음 봤는데 집중하고 너무 잘 봤어여♥,2026.07.18,아이와 처음 봤는데 집중하고 너무 잘 봤어여,10,2026-07-18,24,7,2026-07-18,2026.0,7.0,18.0,5.0
10,아이들이 매우 만족하였어요,2026.07.18,아이들이 매우 만족하였어요,10,2026-07-18,14,3,2026-07-18,2026.0,7.0,18.0,5.0
9,"픽사가 애정을 가지고 공들여 만든 느낌! 현 시대의 장난감이 겪는 이야기를 유쾌하게 풀어냄. 현재의 이상적인 주인 덕에 살아남고 과거의 추억으로 가치를 찾지만, 앞으로는?",2026.07.18,픽사가 애정을 가지고 공들여 만든 느낌 현 시대의 장난감이 겪는 이야기를 유쾌하게 풀어냄 현재의 이상적인 주인 덕에 살아남고 과거의 추억으로 가치를 찾지만 앞으로는,9,2026-07-18,91,23,2026-07-18,2026.0,7.0,18.0,5.0
5,기대한것 보다 별로였어요,2026.07.18,기대한것 보다 별로였어요,5,2026-07-18,13,3,2026-07-18,2026.0,7.0,18.0,5.0
10,다시 10년 기다리면 6 나오는건가..죽기전에 몸 성할때 10까지 볼수만 있다면..,2026.07.18,다시 10년 기다리면 6 나오는건가죽기전에 몸 성할때 10까지 볼수만 있다면,10,2026-07-18,42,10,2026-07-18,2026.0,7.0,18.0,5.0
10,재미도 있고 감동도 있어요^^,2026.07.18,재미도 있고 감동도 있어요,10,2026-07-18,14,4,2026-07-18,2026.0,7.0,18.0,5.0
7,태블릿에 대한 마지막 항변을 위한 계몽을 이런 식으로...,2026.07.18,태블릿에 대한 마지막 항변을 위한 계몽을 이런 식으로,7,2026-07-18,29,8,2026-07-18,2026.0,7.0,18.0,5.0
10,너무 감동적 입니다..,2026.07.18,너무 감동적 입니다,10,2026-07-18,10,3,2026-07-18,2026.0,7.0,18.0,5.0
10,제시가 주인공인게 전혀 어색하지 않음. 최고다,2026.07.18,제시가 주인공인게 전혀 어색하지 않음 최고다,10,2026-07-18,24,6,2026-07-18,2026.0,7.0,18.0,5.0
10,어릴때 생각나서 신나고 재미있었어요,2026.07.18,어릴때 생각나서 신나고 재미있었어요,10,2026-07-18,19,4,2026-07-18,2026.0,7.0,18.0,5.0
10,"재밋어요
 추천합니다",2026.07.18,재밋어요 추천합니다,10,2026-07-18,10,2,2026-07-18,2026.0,7.0,18.0,5.0
10,시리즈마다 꼭 관람합니다,2026.07.18,시리즈마다 꼭 관람합니다,10,2026-07-18,13,3,2026-07-18,2026.0,7.0,18.0,5.0
10,재미있고 볼거리가 아주 많습니다 최고에요,2026.07.18,재미있고 볼거리가 아주 많습니다 최고에요,10,2026-07-18,22,5,2026-07-18,2026.0,7.0,18.0,5.0
10,"더빙,자막..다 재밌어요.",2026.07.18,더빙자막다 재밌어요,10,2026-07-18,10,2,2026-07-18,2026.0,7.0,18.0,5.0
7,집증도도 떨어지고 크게 흥미롭지 않음,2026.07.18,집증도도 떨어지고 크게 흥미롭지 않음,7,2026-07-18,20,5,2026-07-18,2026.0,7.0,18.0,5.0
10,아이가 너무 좋아하네요.,2026.07.18,아이가 너무 좋아하네요,10,2026-07-18,12,3,2026-07-18,2026.0,7.0,18.0,5.0
10,.재미 있게 봤어요..  영상미도 굿,2026.07.18,재미 있게 봤어요 영상미도 굿,10,2026-07-18,16,5,2026-07-18,2026.0,7.0,18.0,5.0
10,98683535353,2026.07.18,98683535353,10,2026-07-18,11,1,2026-07-18,2026.0,7.0,18.0,5.0
10,제시와 에밀리의 스토리가 최고,2026.07.18,제시와 에밀리의 스토리가 최고,10,2026-07-18,16,4,2026-07-18,2026.0,7.0,18.0,5.0
10,너무너뮤너뮤재밋어요,2026.07.18,너무너뮤너뮤재밋어요,10,2026-07-18,10,1,2026-07-18,2026.0,7.0,18.0,5.0
10,버즈키스신개충격영화개꿀잼!,2026.07.18,버즈키스신개충격영화개꿀잼,10,2026-07-18,13,1,2026-07-18,2026.0,7.0,18.0,5.0
10,여전히 재미있네요~,2026.07.18,여전히 재미있네요,10,2026-07-18,9,2,2026-07-18,2026.0,7.0,18.0,5.0
10,추억 여행에 현 세태에 대한 풍자 한 스푼,2026.07.18,추억 여행에 현 세태에 대한 풍자 한 스푼,10,2026-07-18,23,8,2026-07-18,2026.0,7.0,18.0,5.0
10,가슴 따뜻한 영화 입니다,2026.07.18,가슴 따뜻한 영화 입니다,10,2026-07-18,13,4,2026-07-18,2026.0,7.0,18.0,5.0
10,아이랑 정말 너무너무 재밌게봣어요~,2026.07.18,아이랑 정말 너무너무 재밌게봣어요,10,2026-07-18,18,4,2026-07-18,2026.0,7.0,18.0,5.0
10,행복한 내영이였어여,2026.07.18,행복한 내영이였어여,10,2026-07-18,10,2,2026-07-18,2026.0,7.0,18.0,5.0
10,미디어를 너무 좋아하는 딸아이랑 재밌게 함께 보고 이야기 나눌 수 있는 좋은 시간이였어요,2026.07.17,미디어를 너무 좋아하는 딸아이랑 재밌게 함께 보고 이야기 나눌 수 있는 좋은 시간이였어요,10,2026-07-17,49,13,2026-07-17,2026.0,7.0,17.0,4.0
5,"현실과 맞닿아 있는 소재를 가지고 스토리를
만든게 좀 더 공감이 가서
좋앗어요",2026.07.17,현실과 맞닿아 있는 소재를 가지고 스토리를 만든게 좀 더 공감이 가서 좋앗어요,5,2026-07-17,43,12,2026-07-17,2026.0,7.0,17.0,4.0
10,중간중간 웃음포인트도 있고 재미있었어요!! 아이들과 힘께 보기 좋은 영화입니다.,2026.07.17,중간중간 웃음포인트도 있고 재미있었어요 아이들과 힘께 보기 좋은 영화입니다,10,2026-07-17,41,9,2026-07-17,2026.0,7.0,17.0,4.0
9,태블릿 vs 장난감을  통합했다.,2026.07.17,태블릿 vs 장난감을 통합했다,9,2026-07-17,16,4,2026-07-17,2026.0,7.0,17.0,4.0
10,가족들과 좋은 관람했습니다^^,2026.07.17,가족들과 좋은 관람했습니다,10,2026-07-17,14,3,2026-07-17,2026.0,7.0,17.0,4.0
10,기대보다 완전 이상. 너무 감동적임,2026.07.17,기대보다 완전 이상 너무 감동적임,10,2026-07-17,18,5,2026-07-17,2026.0,7.0,17.0,4.0
7,만화가 좀 예전 느낌이 났어요,2026.07.17,만화가 좀 예전 느낌이 났어요,7,2026-07-17,16,5,2026-07-17,2026.0,7.0,17.0,4.0
10,추억돋네ㅋ 인형들의 모험. 즐겁다,2026.07.17,추억돋네ㅋ 인형들의 모험 즐겁다,10,2026-07-17,17,4,2026-07-17,2026.0,7.0,17.0,4.0
10,역시 어른들의 애니메이션이네요ㅋㅋ 저는 막차를 탔지만 n회차인 분들도 꽤 있었어요~ 재밌었어요!,2026.07.17,역시 어른들의 애니메이션이네요ㅋㅋ 저는 막차를 탔지만 n회차인 분들도 꽤 있었어요 재밌었어요,10,2026-07-17,51,11,2026-07-17,2026.0,7.0,17.0,4.0
10,영화관 관리가 최악이네요.,2026.07.17,영화관 관리가 최악이네요,10,2026-07-17,13,3,2026-07-17,2026.0,7.0,17.0,4.0
10,현재를 살아가는 우리에게 진정으로 중요한 것이 무엇인지 생각하게 만드는 따뜻한 영화인 것 같다.,2026.07.17,현재를 살아가는 우리에게 진정으로 중요한 것이 무엇인지 생각하게 만드는 따뜻한 영화인 것 같다,10,2026-07-17,52,13,2026-07-17,2026.0,7.0,17.0,4.0
10,즐거웠습니다. 다시 보고 싶어요.,2026.07.17,즐거웠습니다 다시 보고 싶어요,10,2026-07-17,16,4,2026-07-17,2026.0,7.0,17.0,4.0
10,연출 좋고 디즈니 적성 느낌이에요 애들이 좋아할 것 같아요,2026.07.17,연출 좋고 디즈니 적성 느낌이에요 애들이 좋아할 것 같아요,10,2026-07-17,32,9,2026-07-17,2026.0,7.0,17.0,4.0
10,너무너무 재밌었어요,2026.07.17,너무너무 재밌었어요,10,2026-07-17,10,2,2026-07-17,2026.0,7.0,17.0,4.0
10,여전히 토이스토리는 삶의 진리를 잘 표현해주는 애니메이션이였다,2026.07.17,여전히 토이스토리는 삶의 진리를 잘 표현해주는 애니메이션이였다,10,2026-07-17,34,7,2026-07-17,2026.0,7.0,17.0,4.0
8,"- 제시는 주인공값을 하고 우디는 깔끔하게 서포트로 퇴장
- 악역은 없다. 설득력은 있지만 뭔가 안일해진 스토리텔링
- 후반부 버즈 단체씬은 생각못한 명장면",2026.07.17,제시는 주인공값을 하고 우디는 깔끔하게 서포트로 퇴장 악역은 없다 설득력은 있지만 뭔가 안일해진 스토리텔링 후반부 버즈 단체씬은 생각못한 명장면,8,2026-07-17,80,19,2026-07-17,2026.0,7.0,17.0,4.0
10,아이들이 정말 좋아합니다^^♡♡♡,2026.07.17,아이들이 정말 좋아합니다,10,2026-07-17,13,3,2026-07-17,2026.0,7.0,17.0,4.0
10,굿굿굿 최고입니다 ㅎㅎ,2026.07.17,굿굿굿 최고입니다 ㅎㅎ,10,2026-07-17,12,3,2026-07-17,2026.0,7.0,17.0,4.0
8,"아이랑같이봤는데 나무아래 땅팔때 같이 울었어요ㅜㅜ 토이스토리는 영상미나 음악이
너무 좋아서 시리즈나오면 바로바로 보러오는 것같아요!",2026.07.17,아이랑같이봤는데 나무아래 땅팔때 같이 울었어요ㅜㅜ 토이스토리는 영상미나 음악이 너무 좋아서 시리즈나오면 바로바로 보러오는 것같아요,8,2026-07-17,72,14,2026-07-17,2026.0,7.0,17.0,4.0
10,시대는 변해도 친구들은 영원함,2026.07.17,시대는 변해도 친구들은 영원함,10,2026-07-17,16,4,2026-07-17,2026.0,7.0,17.0,4.0
10,감동도 반성도 즐겁게 봤어요.,2026.07.17,감동도 반성도 즐겁게 봤어요,10,2026-07-17,15,4,2026-07-17,2026.0,7.0,17.0,4.0
10,잼있고 감동적이였너요!!,2026.07.17,잼있고 감동적이였너요,10,2026-07-17,11,2,2026-07-17,2026.0,7.0,17.0,4.0
10,기대없이 봤는데 정말 좋았어요!,2026.07.17,기대없이 봤는데 정말 좋았어요,10,2026-07-17,16,4,2026-07-17,2026.0,7.0,17.0,4.0
10,스토리가 너무 좋아서 과몰입,2026.07.17,스토리가 너무 좋아서 과몰입,10,2026-07-17,15,4,2026-07-17,2026.0,7.0,17.0,4.0
8,토이스토리는 어전히 3이 띵작,2026.07.17,토이스토리는 어전히 3이 띵작,8,2026-07-17,16,4,2026-07-17,2026.0,7.0,17.0,4.0
10,아이들이 진정으로 누려야 할 세상을 생각해 보게 하는 영화입니다. 스마트 기기에 빼앗긴 시선을 돌이킬 수 있는 가정이 더 많아지길 소망하며...,2026.07.17,아이들이 진정으로 누려야 할 세상을 생각해 보게 하는 영화입니다 스마트 기기에 빼앗긴 시선을 돌이킬 수 있는 가정이 더 많아지길 소망하며,10,2026-07-17,76,20,2026-07-17,2026.0,7.0,17.0,4.0
10,5학년 친구들이랑 진짜 진짜재미있게 봤데용,2026.07.17,5학년 친구들이랑 진짜 진짜재미있게 봤데용,10,2026-07-17,23,5,2026-07-17,2026.0,7.0,17.0,4.0
10,버즈가 날아 오를 때 내 눈에 눈물이ㅠㅠ,2026.07.17,버즈가 날아 오를 때 내 눈에 눈물이ㅠㅠ,10,2026-07-17,22,7,2026-07-17,2026.0,7.0,17.0,4.0
10,"어렸을때 장난감을 가지고 놀았던 시절을 떠올리면서 이번 스토리에는 엄청난 공감력이 감해져서, 아날로그와 디지털의 공존에 대한 주제를 떠올리게 하면서 감명깊게 느낀 영화였습니다.",2026.07.17,어렸을때 장난감을 가지고 놀았던 시절을 떠올리면서 이번 스토리에는 엄청난 공감력이 감해져서 아날로그와 디지털의 공존에 대한 주제를 떠올리게 하면서 감명깊게 느낀 영화였습니다,10,2026-07-17,96,21,2026-07-17,2026.0,7.0,17.0,4.0
10,내가 나이를 먹었다는걸 느끼네요...ㅠㅠ,2026.07.17,내가 나이를 먹었다는걸 느끼네요ㅠㅠ,10,2026-07-17,19,4,2026-07-17,2026.0,7.0,17.0,4.0
8,아이랑 봤는데 저는 졸렸어요 아이들은 잼닜대요 ㅎㅎ,2026.07.17,아이랑 봤는데 저는 졸렸어요 아이들은 잼닜대요 ㅎㅎ,8,2026-07-17,28,7,2026-07-17,2026.0,7.0,17.0,4.0
10,추억팔이로 생각하고 보러가도 평타치는데 이번 시즌5는 스토리도 괜찮고 장난감 돼지 말 그리고 장난감을 좋아하는 대상인 아기까지 다 귀여웠음! 추천!!!,2026.07.17,추억팔이로 생각하고 보러가도 평타치는데 이번 시즌5는 스토리도 괜찮고 장난감 돼지 말 그리고 장난감을 좋아하는 대상인 아기까지 다 귀여웠음 추천,10,2026-07-17,80,19,2026-07-17,2026.0,7.0,17.0,4.0
10,아이들이랑 보는게재밋습니다,2026.07.17,아이들이랑 보는게재밋습니다,10,2026-07-17,14,2,2026-07-17,2026.0,7.0,17.0,4.0
10,AI시대에도 아날로그가 여전히 살아남는 이유,2026.07.17,AI시대에도 아날로그가 여전히 살아남는 이유,10,2026-07-17,24,5,2026-07-17,2026.0,7.0,17.0,4.0
10,"빠른전개
지루할틈이없네요 ㅎㅎ",2026.07.17,빠른전개 지루할틈이없네요 ㅎㅎ,10,2026-07-17,16,3,2026-07-17,2026.0,7.0,17.0,4.0
10,최고에요 최고에요 최고에요 최고에요,2026.07.17,최고에요 최고에요 최고에요 최고에요,10,2026-07-17,19,4,2026-07-17,2026.0,7.0,17.0,4.0
10,아이들과 재미있게 봤네요. 어릴때 토이스토리1본 기억에 추억보정!,2026.07.17,아이들과 재미있게 봤네요 어릴때 토이스토리1본 기억에 추억보정,10,2026-07-17,34,7,2026-07-17,2026.0,7.0,17.0,4.0
10,너무좋다이굳굳굳굳베리,2026.07.17,너무좋다이굳굳굳굳베리,10,2026-07-17,11,1,2026-07-17,2026.0,7.0,17.0,4.0
4,이제는 그만해야될 프랜차이즈,2026.07.17,이제는 그만해야될 프랜차이즈,4,2026-07-17,15,3,2026-07-17,2026.0,7.0,17.0,4.0
10,"토이스토리 넘넘 웃기고 재미있었어요  스토리도 탄탄하고
친구와의 관계가 얼마나 중요한지도 알게되었구요  소중한 장난감도 버리지말고 추억으로 함께하는 그런 생각도 하게되었습니다",2026.07.17,토이스토리 넘넘 웃기고 재미있었어요 스토리도 탄탄하고 친구와의 관계가 얼마나 중요한지도 알게되었구요 소중한 장난감도 버리지말고 추억으로 함께하는 그런 생각도 하게되었습니다,10,2026-07-17,95,19,2026-07-17,2026.0,7.0,17.0,4.0
6,익숙한 주인공..  스토리 역시 요즘 세대에 맞는 스토리.아이들과 가볍게 보기 좋았어요.,2026.07.17,익숙한 주인공 스토리 역시 요즘 세대에 맞는 스토리아이들과 가볍게 보기 좋았어요,6,2026-07-17,44,11,2026-07-17,2026.0,7.0,17.0,4.0
7,옛날 기억은 좋았는데 좀 지겨웠음 애들용,2026.07.17,옛날 기억은 좋았는데 좀 지겨웠음 애들용,7,2026-07-17,22,6,2026-07-17,2026.0,7.0,17.0,4.0
10,"내용도 의미있고 가족들과 함께 보면 좋을 영화네요.
물론 재미도 있어요.",2026.07.17,내용도 의미있고 가족들과 함께 보면 좋을 영화네요 물론 재미도 있어요,10,2026-07-17,38,10,2026-07-17,2026.0,7.0,17.0,4.0
8,감동적입니다ㅠㅜㅠㅜ,2026.07.17,감동적입니다ㅠㅜㅠㅜ,8,2026-07-17,10,1,2026-07-17,2026.0,7.0,17.0,4.0
10,아이들이 재미있게 봤다고 하네요,2026.07.17,아이들이 재미있게 봤다고 하네요,10,2026-07-17,17,4,2026-07-17,2026.0,7.0,17.0,4.0
10,기대없이 봐서 그런지 넘 잼난다요 스토리 잼나요,2026.07.17,기대없이 봐서 그런지 넘 잼난다요 스토리 잼나요,10,2026-07-17,26,7,2026-07-17,2026.0,7.0,17.0,4.0
10,"정말 재미있게 딸아랑
봤습니다 짱이에요!!",2026.07.17,정말 재미있게 딸아랑 봤습니다 짱이에요,10,2026-07-17,21,5,2026-07-17,2026.0,7.0,17.0,4.0
10,아이들 여름방학에 보기 좋은 스토리네요,2026.07.17,아이들 여름방학에 보기 좋은 스토리네요,10,2026-07-17,21,5,2026-07-17,2026.0,7.0,17.0,4.0
10,재미있게 잘 보았습니다.,2026.07.17,재미있게 잘 보았습니다,10,2026-07-17,12,3,2026-07-17,2026.0,7.0,17.0,4.0
10,토이스토리는 영원하라,2026.07.17,토이스토리는 영원하라,10,2026-07-17,11,2,2026-07-17,2026.0,7.0,17.0,4.0
6,토이스토리 광팬이라면 좋아하겠지만 그냥 팬이거나 추억보정으로 보는거라면 큰 감흥은 없다. 전자기기 중독? 이라는 나름 참신한? 주제를 냐세웠지만 그냥 그것뿐인 비슷한 스토리,2026.07.17,토이스토리 광팬이라면 좋아하겠지만 그냥 팬이거나 추억보정으로 보는거라면 큰 감흥은 없다 전자기기 중독 이라는 나름 참신한 주제를 냐세웠지만 그냥 그것뿐인 비슷한 스토리,6,2026-07-17,93,21,2026-07-17,2026.0,7.0,17.0,4.0
10,교훈적이어서 참좋았어요~^^,2026.07.17,교훈적이어서 참좋았어요,10,2026-07-17,12,2,2026-07-17,2026.0,7.0,17.0,4.0
8,중간중간에 답답하긴했지만 넘 감동,2026.07.17,중간중간에 답답하긴했지만 넘 감동,8,2026-07-17,18,4,2026-07-17,2026.0,7.0,17.0,4.0
10,늦은 시간 영화보러 처음 갔는데 사람도 많고 토이스토리도 처음이었는데 앞에 몰라도 재밌었어요~,2026.07.17,늦은 시간 영화보러 처음 갔는데 사람도 많고 토이스토리도 처음이었는데 앞에 몰라도 재밌었어요,10,2026-07-17,51,12,2026-07-17,2026.0,7.0,17.0,4.0
10,너무 재미 있어요!!  추억이 새록새록 하네요,2026.07.17,너무 재미 있어요 추억이 새록새록 하네요,10,2026-07-17,22,6,2026-07-17,2026.0,7.0,17.0,4.0
10,스토리도 좋고 재미도 있어요,2026.07.17,스토리도 좋고 재미도 있어요,10,2026-07-17,15,4,2026-07-17,2026.0,7.0,17.0,4.0
10,태블릿에 빠져있는 아이들에게 의미있는 장난감 얘기예요,2026.07.17,태블릿에 빠져있는 아이들에게 의미있는 장난감 얘기예요,10,2026-07-17,29,6,2026-07-17,2026.0,7.0,17.0,4.0
10,언제나 잔잔한 감동이 있는 동심자극 토이스토리,2026.07.17,언제나 잔잔한 감동이 있는 동심자극 토이스토리,10,2026-07-17,25,6,2026-07-17,2026.0,7.0,17.0,4.0
10,존잼 힐링돼요 또 볼래요,2026.07.17,존잼 힐링돼요 또 볼래요,10,2026-07-17,13,4,2026-07-17,2026.0,7.0,17.0,4.0
10,아이들이 너무좋아합니다~,2026.07.17,아이들이 너무좋아합니다,10,2026-07-17,12,2,2026-07-17,2026.0,7.0,17.0,4.0
10,아이들과 같이 보기좋은 가족영화에요 잔잔한 스토리도 있고요,2026.07.17,아이들과 같이 보기좋은 가족영화에요 잔잔한 스토리도 있고요,10,2026-07-17,32,7,2026-07-17,2026.0,7.0,17.0,4.0
10,재밋다 재밋다 ㅜㅠㅠㅜㅠㅜ,2026.07.17,재밋다 재밋다 ㅜㅠㅠㅜㅠㅜ,10,2026-07-17,14,3,2026-07-17,2026.0,7.0,17.0,4.0
10,현대사회의 문제를 잘관통한 영화라고생각합니다,2026.07.17,현대사회의 문제를 잘관통한 영화라고생각합니다,10,2026-07-17,24,4,2026-07-17,2026.0,7.0,17.0,4.0
7,어린이도 감동했습니다,2026.07.17,어린이도 감동했습니다,7,2026-07-17,11,2,2026-07-17,2026.0,7.0,17.0,4.0
10,진짜 토이스토리는 매번 최고입니다,2026.07.17,진짜 토이스토리는 매번 최고입니다,10,2026-07-17,18,4,2026-07-17,2026.0,7.0,17.0,4.0
10,토이스토리4보다  재밌음..  토이스토리5는 약간 친구 관계와 태블릿의 무서움(?)을 알려주는 영화,2026.07.17,토이스토리4보다 재밌음 토이스토리5는 약간 친구 관계와 태블릿의 무서움을 알려주는 영화,10,2026-07-17,48,10,2026-07-17,2026.0,7.0,17.0,4.0
10,우디 정수리 탈모가 너무 슬프네요,2026.07.17,우디 정수리 탈모가 너무 슬프네요,10,2026-07-17,18,5,2026-07-17,2026.0,7.0,17.0,4.0
10,성인인데두 너무 조아써여,2026.07.17,성인인데두 너무 조아써여,10,2026-07-17,13,3,2026-07-17,2026.0,7.0,17.0,4.0
10,그냥 사랑해 인형들아,2026.07.17,그냥 사랑해 인형들아,10,2026-07-17,11,3,2026-07-17,2026.0,7.0,17.0,4.0
10,재밌었구 토이스토리 오랜만,2026.07.17,재밌었구 토이스토리 오랜만,10,2026-07-17,14,3,2026-07-17,2026.0,7.0,17.0,4.0
10,"너무 재밌게 봤고, 시즌6이 기대되네요ㅎㅎ",2026.07.17,너무 재밌게 봤고 시즌6이 기대되네요ㅎㅎ,10,2026-07-17,22,5,2026-07-17,2026.0,7.0,17.0,4.0
8,낡은 우디 맘아프네..,2026.07.17,낡은 우디 맘아프네,8,2026-07-17,10,3,2026-07-17,2026.0,7.0,17.0,4.0
10,토이스토리는 언제나 옳다,2026.07.17,토이스토리는 언제나 옳다,10,2026-07-17,13,3,2026-07-17,2026.0,7.0,17.0,4.0
10,약간 아쉬운 연출이 있었긴 하지만 그래도 재미있었어요,2026.07.17,약간 아쉬운 연출이 있었긴 하지만 그래도 재미있었어요,10,2026-07-17,29,7,2026-07-17,2026.0,7.0,17.0,4.0
8,인형에서 장난감의 유익을 찾다 신식구식 상관없이 사람을 위로하고 그들의 행복에서 자신의 삶의 보람을 찾는 인형들의 이야기? 토이스토리!,2026.07.17,인형에서 장난감의 유익을 찾다 신식구식 상관없이 사람을 위로하고 그들의 행복에서 자신의 삶의 보람을 찾는 인형들의 이야기 토이스토리,8,2026-07-17,73,17,2026-07-17,2026.0,7.0,17.0,4.0
8,1편부터 몰아보기 다시 해야지,2026.07.17,1편부터 몰아보기 다시 해야지,8,2026-07-17,16,4,2026-07-17,2026.0,7.0,17.0,4.0
10,재미와 감동 가족모두의 영화!!!,2026.07.17,재미와 감동 가족모두의 영화,10,2026-07-17,15,4,2026-07-17,2026.0,7.0,17.0,4.0
9,오랜만에 보니 재밌었네요 여자친구랑보니 좋아합니다,2026.07.17,오랜만에 보니 재밌었네요 여자친구랑보니 좋아합니다,9,2026-07-17,27,5,2026-07-17,2026.0,7.0,17.0,4.0
10,재미있어요 재미있어요,2026.07.17,재미있어요 재미있어요,10,2026-07-17,11,2,2026-07-17,2026.0,7.0,17.0,4.0
10,아이랑 재밌게 봤어요. 앞전 스토리몰라도 볼만해요,2026.07.17,아이랑 재밌게 봤어요 앞전 스토리몰라도 볼만해요,10,2026-07-17,26,6,2026-07-17,2026.0,7.0,17.0,4.0
10,아들이랑 즐겁고 재미있게 관람 했어요,2026.07.17,아들이랑 즐겁고 재미있게 관람 했어요,10,2026-07-17,20,5,2026-07-17,2026.0,7.0,17.0,4.0
8,아이가 넘 좋아해요,2026.07.17,아이가 넘 좋아해요,8,2026-07-17,10,3,2026-07-17,2026.0,7.0,17.0,4.0
10,아이들이 재미있다고합니다,2026.07.17,아이들이 재미있다고합니다,10,2026-07-17,13,2,2026-07-17,2026.0,7.0,17.0,4.0
10,무겁지않게 풀어낸 문제,2026.07.17,무겁지않게 풀어낸 문제,10,2026-07-17,12,3,2026-07-17,2026.0,7.0,17.0,4.0
10,가볍게 보기 좋은 영화입니다. 재밌어요,2026.07.17,가볍게 보기 좋은 영화입니다 재밌어요,10,2026-07-17,20,5,2026-07-17,2026.0,7.0,17.0,4.0
10,감동적인  영화 였어요,2026.07.17,감동적인 영화 였어요,10,2026-07-17,11,3,2026-07-17,2026.0,7.0,17.0,4.0
10,요즘 세상에 주는 메세지가 있네요. 잔잔하지만 잘 봤어요,2026.07.17,요즘 세상에 주는 메세지가 있네요 잔잔하지만 잘 봤어요,10,2026-07-17,30,8,2026-07-17,2026.0,7.0,17.0,4.0
10,"재밌어요,지금시대에 꼭필요한영화입니다.",2026.07.17,재밌어요지금시대에 꼭필요한영화입니다,10,2026-07-17,19,2,2026-07-17,2026.0,7.0,17.0,4.0
10,요즘 아이들의 일상을 이야기 보여주면서 어떻게 알려줘야되는지 영화를 보고 많은 생각을 하게 되었다,2026.07.17,요즘 아이들의 일상을 이야기 보여주면서 어떻게 알려줘야되는지 영화를 보고 많은 생각을 하게 되었다,10,2026-07-17,54,13,2026-07-17,2026.0,7.0,17.0,4.0
10,토이스토리 사랑해ㅐㅐ,2026.07.17,토이스토리 사랑해ㅐㅐ,10,2026-07-17,11,2,2026-07-17,2026.0,7.0,17.0,4.0
10,님자친구랑 봤는데 재밌으면서 약간 로맨스라서 좋았어여,2026.07.17,님자친구랑 봤는데 재밌으면서 약간 로맨스라서 좋았어여,10,2026-07-17,29,6,2026-07-17,2026.0,7.0,17.0,4.0
9,스토리도 좋앗고 되게 감동적이엇음ㅠㅠ,2026.07.17,스토리도 좋앗고 되게 감동적이엇음ㅠㅠ,9,2026-07-17,20,4,2026-07-17,2026.0,7.0,17.0,4.0
10,영원히친구하자내가손안놓을게,2026.07.17,영원히친구하자내가손안놓을게,10,2026-07-17,14,1,2026-07-17,2026.0,7.0,17.0,4.0
10,정필이랑 토이스토리 6도 보기러 했음 ㅎ,2026.07.17,정필이랑 토이스토리 6도 보기러 했음 ㅎ,10,2026-07-17,22,6,2026-07-17,2026.0,7.0,17.0,4.0
10,동심을 지켜주는 영화,2026.07.17,동심을 지켜주는 영화,10,2026-07-17,11,3,2026-07-17,2026.0,7.0,17.0,4.0
10,재밋엇다 연기가 볼만함,2026.07.16,재밋엇다 연기가 볼만함,10,2026-07-16,12,3,2026-07-16,2026.0,7.0,16.0,3.0
10,"시리즈중 1편만큼
재밌게 봤음",2026.07.16,시리즈중 1편만큼 재밌게 봤음,10,2026-07-16,16,4,2026-07-16,2026.0,7.0,16.0,3.0
10,어렸을 때 생각나고 지금은 아이 엄마라 공감되어 감동적이었어요.,2026.07.16,어렸을 때 생각나고 지금은 아이 엄마라 공감되어 감동적이었어요,10,2026-07-16,34,8,2026-07-16,2026.0,7.0,16.0,3.0
10,너무 감동적이고 그냥 이건 꼭 봐야됨!!🥹,2026.07.16,너무 감동적이고 그냥 이건 꼭 봐야됨,10,2026-07-16,20,6,2026-07-16,2026.0,7.0,16.0,3.0
10,토이스토리는 1부터 5까지 정말 너무 재밌게 봤습니다. 저도 보안관이 되겠습니다.,2026.07.16,토이스토리는 1부터 5까지 정말 너무 재밌게 봤습니다 저도 보안관이 되겠습니다,10,2026-07-16,43,10,2026-07-16,2026.0,7.0,16.0,3.0
10,여운과 추억을 함께 담았네요,2026.07.16,여운과 추억을 함께 담았네요,10,2026-07-16,15,4,2026-07-16,2026.0,7.0,16.0,3.0
8,새우 처먹느라 영화 시간 놓쳐서 못 봤더여 ㅠ..,2026.07.16,새우 처먹느라 영화 시간 놓쳐서 못 봤더여 ㅠ,8,2026-07-16,25,8,2026-07-16,2026.0,7.0,16.0,3.0
10,재미있게잘봤습니다 슬픈장면도나왔어요ㅠ,2026.07.16,재미있게잘봤습니다 슬픈장면도나왔어요ㅠ,10,2026-07-16,20,2,2026-07-16,2026.0,7.0,16.0,3.0
10,역시 실망시키지 않는 토이스토이!,2026.07.16,역시 실망시키지 않는 토이스토이,10,2026-07-16,17,4,2026-07-16,2026.0,7.0,16.0,3.0
8,항상 어린시절을 소환하게 만드는 영화 대단한스토리는.아니지만 가슴이 따뜻해지네요,2026.07.16,항상 어린시절을 소환하게 만드는 영화 대단한스토리는아니지만 가슴이 따뜻해지네요,8,2026-07-16,43,8,2026-07-16,2026.0,7.0,16.0,3.0
9,나 왜 눈물이 났을까..,2026.07.16,나 왜 눈물이 났을까,9,2026-07-16,11,4,2026-07-16,2026.0,7.0,16.0,3.0
10,어린이들이 태블릿보고있는 모습이 너무 현실반영이라 소름돋았어요ㅠ 하지만 그것도 마음 따뜻하게 회복~~!,2026.07.16,어린이들이 태블릿보고있는 모습이 너무 현실반영이라 소름돋았어요ㅠ 하지만 그것도 마음 따뜻하게 회복,10,2026-07-16,54,11,2026-07-16,2026.0,7.0,16.0,3.0
8,추억 돋는 영화네요 ~,2026.07.16,추억 돋는 영화네요,8,2026-07-16,10,3,2026-07-16,2026.0,7.0,16.0,3.0
10,어릴때 추억 생각나서 재밌게봤어요!,2026.07.16,어릴때 추억 생각나서 재밌게봤어요,10,2026-07-16,18,4,2026-07-16,2026.0,7.0,16.0,3.0
7,그럭저럭 꽤나 볼만함,2026.07.16,그럭저럭 꽤나 볼만함,7,2026-07-16,11,3,2026-07-16,2026.0,7.0,16.0,3.0
10,"아이들 둘다
재미있었다고 합니다",2026.07.16,아이들 둘다 재미있었다고 합니다,10,2026-07-16,17,4,2026-07-16,2026.0,7.0,16.0,3.0
10,버즈가 장가를 가다니,2026.07.16,버즈가 장가를 가다니,10,2026-07-16,11,3,2026-07-16,2026.0,7.0,16.0,3.0
9,보는 내내 집에 있는 오래된 인형들이 떠올랐다,2026.07.16,보는 내내 집에 있는 오래된 인형들이 떠올랐다,9,2026-07-16,25,7,2026-07-16,2026.0,7.0,16.0,3.0
8,또 다시 돌아온 친구들. 또 한번의 완벽한 엔딩,2026.07.16,또 다시 돌아온 친구들 또 한번의 완벽한 엔딩,8,2026-07-16,25,8,2026-07-16,2026.0,7.0,16.0,3.0
10,이렇게 보면 6도 나왔으면 싶다,2026.07.16,이렇게 보면 6도 나왔으면 싶다,10,2026-07-16,17,5,2026-07-16,2026.0,7.0,16.0,3.0
10,I've never stopped loving you.,2026.07.16,Ive never stopped loving you,10,2026-07-16,28,5,2026-07-16,2026.0,7.0,16.0,3.0
10,"자꾸자꾸 어릴때가 생각이난다 이유를 알수없는 눈물이 난다
그립다 그때가",2026.07.16,자꾸자꾸 어릴때가 생각이난다 이유를 알수없는 눈물이 난다 그립다 그때가,10,2026-07-16,39,9,2026-07-16,2026.0,7.0,16.0,3.0
10,진짜로 재밋게봄 버즈분량이 좀 적음,2026.07.16,진짜로 재밋게봄 버즈분량이 좀 적음,10,2026-07-16,19,5,2026-07-16,2026.0,7.0,16.0,3.0
10,아들래미랑 데이트 성공적~,2026.07.16,아들래미랑 데이트 성공적,10,2026-07-16,13,3,2026-07-16,2026.0,7.0,16.0,3.0
10,역시 재미있고 시간가는줄 모르겠네요,2026.07.16,역시 재미있고 시간가는줄 모르겠네요,10,2026-07-16,19,4,2026-07-16,2026.0,7.0,16.0,3.0
10,재밌어요 동심으로 또 돌아감,2026.07.16,재밌어요 동심으로 또 돌아감,10,2026-07-16,15,4,2026-07-16,2026.0,7.0,16.0,3.0
10,놀이와 게임의 차이를 생각하게 하는 영화. 참여자의 즉흥적 상상력으로 진행되는 놀이와 타인의 상상력이 기술적으로 구현된 경로를 따라 진행되는 게임의 차이는 정말 크다.,2026.07.16,놀이와 게임의 차이를 생각하게 하는 영화 참여자의 즉흥적 상상력으로 진행되는 놀이와 타인의 상상력이 기술적으로 구현된 경로를 따라 진행되는 게임의 차이는 정말 크다,10,2026-07-16,91,22,2026-07-16,2026.0,7.0,16.0,3.0
8,잊고 있던 동심을 깨어나게 만드는 영화,2026.07.16,잊고 있던 동심을 깨어나게 만드는 영화,8,2026-07-16,21,6,2026-07-16,2026.0,7.0,16.0,3.0
10,20년전 아이와 보던 영화를 부부 둘만 보면서 뭉클했어요 ㅠㅠ,2026.07.16,20년전 아이와 보던 영화를 부부 둘만 보면서 뭉클했어요 ㅠㅠ,10,2026-07-16,34,9,2026-07-16,2026.0,7.0,16.0,3.0
9,요즘 시대에 애들이 전자기기를 가지고 영상을 보고 게임을 하면서 공부와 노는 것을 다 해결한다. 이번 토이스토리 주제는 이러한 사용에 대한 문제점을 스토리로 풀어냈다.,2026.07.16,요즘 시대에 애들이 전자기기를 가지고 영상을 보고 게임을 하면서 공부와 노는 것을 다 해결한다 이번 토이스토리 주제는 이러한 사용에 대한 문제점을 스토리로 풀어냈다,9,2026-07-16,91,23,2026-07-16,2026.0,7.0,16.0,3.0
8,역시 실망시키지 않는 토이스토리,2026.07.16,역시 실망시키지 않는 토이스토리,8,2026-07-16,17,4,2026-07-16,2026.0,7.0,16.0,3.0
10,보고 싶었습니다. 근데 못봤습니다.,2026.07.16,보고 싶었습니다 근데 못봤습니다,10,2026-07-16,17,4,2026-07-16,2026.0,7.0,16.0,3.0
8,살짝 지루함이 밀려온다,2026.07.16,살짝 지루함이 밀려온다,8,2026-07-16,12,3,2026-07-16,2026.0,7.0,16.0,3.0
8,"동심을 찾아서
초중반부의 지루함은 내가 동심을 잃어 버려서 와닿지 않는건지와 속편 이제 그만 만들 때가 된 것 같다는 생각이 공존했음
초중반부 대비 중후반부는 솔직히 재밌게 봤는데",2026.07.16,동심을 찾아서 초중반부의 지루함은 내가 동심을 잃어 버려서 와닿지 않는건지와 속편 이제 그만 만들 때가 된 것 같다는 생각이 공존했음 초중반부 대비 중후반부는 솔직히 재밌게 봤는데,8,2026-07-16,100,26,2026-07-16,2026.0,7.0,16.0,3.0
6,아들과 봤는데 예전에비해 감동이 덜한것같아요,2026.07.16,아들과 봤는데 예전에비해 감동이 덜한것같아요,6,2026-07-16,24,5,2026-07-16,2026.0,7.0,16.0,3.0
10,스토리가 감동적이였어요.,2026.07.16,스토리가 감동적이였어요,10,2026-07-16,12,2,2026-07-16,2026.0,7.0,16.0,3.0
5,30년간 쌓아 올린 서사가 주는 감동,2026.07.16,30년간 쌓아 올린 서사가 주는 감동,5,2026-07-16,20,6,2026-07-16,2026.0,7.0,16.0,3.0
10,30대도 울게 만드는,2026.07.16,30대도 울게 만드는,10,2026-07-16,11,3,2026-07-16,2026.0,7.0,16.0,3.0
10,추억의 토이스토리네요,2026.07.16,추억의 토이스토리네요,10,2026-07-16,11,2,2026-07-16,2026.0,7.0,16.0,3.0
9,"기대가 큰 건가요?
좀 아쉬웠어요.",2026.07.16,기대가 큰 건가요 좀 아쉬웠어요,9,2026-07-16,17,5,2026-07-16,2026.0,7.0,16.0,3.0
10,"소재가 잘못하면 진부해질 수 있고
이걸 어떻게 풀어갈까 했는데.생각보다 유쾌하고 훌륭하게 잘 풀어낸거 같다는 생각.
예상치 못하게 눈물도 나고 훈훈하기도 했던",2026.07.16,소재가 잘못하면 진부해질 수 있고 이걸 어떻게 풀어갈까 했는데생각보다 유쾌하고 훌륭하게 잘 풀어낸거 같다는 생각 예상치 못하게 눈물도 나고 훈훈하기도 했던,10,2026-07-16,86,21,2026-07-16,2026.0,7.0,16.0,3.0
10,메시지가 확실함. 현시대를 잘반영해 슬프기도함. 근래 애니중 제일좋았음.,2026.07.16,메시지가 확실함 현시대를 잘반영해 슬프기도함 근래 애니중 제일좋았음,10,2026-07-16,37,8,2026-07-16,2026.0,7.0,16.0,3.0
10,재밌게 잘 봤어요~,2026.07.16,재밌게 잘 봤어요,10,2026-07-16,9,3,2026-07-16,2026.0,7.0,16.0,3.0
10,좋아하는 영화중 하나! 다시 만나 반가워요,2026.07.16,좋아하는 영화중 하나 다시 만나 반가워요,10,2026-07-16,22,6,2026-07-16,2026.0,7.0,16.0,3.0
10,오래나온 시리즈이다보니 새롭기보다는 알던 그맛,2026.07.16,오래나온 시리즈이다보니 새롭기보다는 알던 그맛,10,2026-07-16,25,5,2026-07-16,2026.0,7.0,16.0,3.0
10,많은 생각을 하게 해준 내용이였어요 재미있었습니다. 특히 그림 연출이 마음에 들었어요!,2026.07.16,많은 생각을 하게 해준 내용이였어요 재미있었습니다 특히 그림 연출이 마음에 들었어요,10,2026-07-16,46,11,2026-07-16,2026.0,7.0,16.0,3.0
10,"참고로 대학4학년, 중3  딸들인데.. 관람한 두딸 모두 울었다고 하네요.",2026.07.16,참고로 대학4학년 중3 딸들인데 관람한 두딸 모두 울었다고 하네요,10,2026-07-16,36,9,2026-07-16,2026.0,7.0,16.0,3.0
3,지금까지 시리즈중 최악이였음,2026.07.16,지금까지 시리즈중 최악이였음,3,2026-07-16,15,3,2026-07-16,2026.0,7.0,16.0,3.0
8,아직 한발이 남았다는 걸 보여줬다.,2026.07.16,아직 한발이 남았다는 걸 보여줬다,8,2026-07-16,18,5,2026-07-16,2026.0,7.0,16.0,3.0
7,나이가 먹어가며 다른 감동을 줘요,2026.07.16,나이가 먹어가며 다른 감동을 줘요,7,2026-07-16,18,5,2026-07-16,2026.0,7.0,16.0,3.0
